partner_id,total_deliveries,average_delivery_minutes,p95_delivery_minutes
DP000094,729,44.659217877094974,57.0
DP000067,765,44.50689655172414,57.0
DP000063,800,45.166666666666664,57.0
DP000013,769,44.879120879120876,57.0
DP000056,738,44.52214022140221,57.0
DP000083,778,45.54693140794224,58.0
DP000017,734,44.67818181818182,56.0
DP000060,785,45.61913043478261,57.0
DP000005,762,44.833030852994554,57.0
DP000029,747,44.408088235294116,57.0
DP000037,759,44.7934595524957,57.0
DP000002,776,44.81985294117647,57.0
DP000039,787,45.25982905982906,56.0
DP000036,738,44.905123339658445,57.0
DP000053,765,44.83745583038869,57.0
DP000100,791,45.6,58.0
DP000079,776,44.81494057724957,57.0
DP000006,709,44.74074074074074,57.0
DP000026,744,45.138888888888886,58.0
DP000034,798,45.10877192982456,57.0
DP000095,774,45.569148936170215,57.0
DP000001,796,44.92294520547945,57.0
DP000052,756,44.74234234234234,57.0
DP000007,758,45.52994555353902,58.0
DP000071,830,44.90147783251231,57.0
DP000075,779,45.161061946902656,58.0
DP000068,804,45.45140032948929,58.0
DP000084,767,44.84864864864865,57.0
DP000073,753,44.8014705882353,57.0
DP000070,746,45.40681003584229,57.0
DP000048,770,44.85239852398524,57.0
DP000069,753,45.09154929577465,56.0
DP000022,798,44.858823529411765,57.0
DP000051,796,44.93114754098361,57.0
DP000021,765,44.512280701754385,57.0
DP000030,791,44.933673469387756,58.0
DP000012,763,44.64930555555556,58.0
DP000024,739,45.13011152416357,57.0
DP000062,726,45.74908424908425,59.0
DP000043,787,44.883478260869566,57.0
DP000047,770,45.22281639928699,57.0
DP000076,782,44.948929159802304,57.0
DP000098,784,45.09507640067912,57.0
DP000008,771,44.62720848056537,57.0
DP000027,751,44.849721706864564,58.0
DP000035,752,45.139575971731446,58.0
DP000096,776,44.75135135135135,58.0
DP000058,723,45.184357541899445,57.0
DP000031,795,44.726351351351354,57.0
DP000028,787,45.23022847100176,57.0
DP000061,789,44.74471830985915,57.0
DP000016,750,45.0456204379562,57.0
DP000085,737,45.25631768953068,57.0
DP000089,771,45.41798941798942,57.0
DP000019,756,45.295081967213115,57.0
DP000040,717,44.988679245283016,58.0
DP000004,736,44.82509505703422,57.0
DP000009,722,44.78558225508318,57.0
DP000044,790,44.89862542955326,58.0
DP000065,766,45.68989547038328,58.0
DP000088,721,45.04364326375712,58.0
DP000057,777,44.80769230769231,57.0
DP000092,745,44.17491166077738,56.0
DP000074,742,45.025830258302584,57.0
DP000011,731,45.23371647509578,57.0
DP000032,765,45.12477718360071,57.0
DP000081,773,45.23809523809524,56.0
DP000054,786,44.97986577181208,57.0
DP000023,794,44.85034013605442,57.0
DP000049,772,45.26315789473684,57.0
DP000087,764,44.87033747779751,57.0
DP000018,730,44.97974217311234,58.0
DP000064,771,45.2695652173913,58.0
DP000038,759,45.13392857142857,57.0
DP000010,732,45.36158192090395,58.0
DP000003,764,45.36654804270463,58.0
DP000066,790,45.46247818499128,58.0
DP000077,741,44.89772727272727,56.0
DP000045,759,44.902877697841724,58.0
DP000050,739,45.44504504504504,57.0
DP000086,756,45.36555360281195,58.0
DP000014,777,45.23487544483986,58.0
DP000020,771,45.09285714285714,58.0
DP000091,732,44.826510721247566,57.0
DP000078,755,44.8954128440367,57.0
DP000015,762,45.310225303292896,57.0
DP000093,763,44.973821989528794,57.0
DP000046,715,44.43326885880077,57.0
DP000033,740,45.232044198895025,58.0
DP000099,759,44.63205828779599,57.0
DP000059,761,45.03724394785847,57.0
DP000080,774,44.93960923623446,57.0
DP000090,736,44.78035714285714,57.0
DP000025,782,45.01208981001727,57.0
DP000041,768,45.44543828264759,58.0
DP000082,754,45.47528517110266,58.0
DP000042,749,45.16240875912409,58.0
DP000055,686,45.34232365145228,57.0
DP000097,734,45.282051282051285,58.0
DP000072,746,45.335740072202164,58.0
