product_id,product_name,category,brand,total_units_sold,total_revenue,total_orders,average_selling_price
PROD000839,Haldiram Organic Namkeen 839,Snacks,Haldiram,668.0,588097.1599999999,227,981.9899999999996
PROD000570,Amul Daily Milk 570,Dairy,Amul,1167.0,1498891.5799999998,389,1438.8900000000008
PROD000351,Real Classic Juice 351,Beverages,Real,374.0,580275.4000000001,128,1723.0899999999986
PROD000184,India Gate Fresh Rice 184,Grocery,India Gate,186.0,70038.89,57,414.04
PROD000953,Amul Natural Milk 953,Dairy,Amul,291.0,251597.74,102,960.8899999999998
PROD000317,Real Fresh Juice 317,Beverages,Real,375.0,574305.9100000001,129,1712.050000000001
PROD000304,Aashirvaad Natural Atta 304,Grocery,Aashirvaad,549.0,894076.6099999999,181,1807.6999999999987
PROD000804,Lays Daily Chips 804,Snacks,Lays,295.0,525605.05,103,1974.9899999999998
PROD000975,India Gate Special Rice 975,Grocery,India Gate,380.0,210687.89,131,608.2099999999996
PROD000881,Surf Excel Classic Laundry 881,Household,Surf Excel,716.0,126073.32,222,195.01000000000013
PROD000108,Surf Excel Family Laundry 108,Household,Surf Excel,651.0,996752.3800000001,220,1698.6199999999992
PROD000965,Mother Dairy Premium Curd 965,Dairy,Mother Dairy,628.0,216327.98,210,384.72
PROD000313,Fortune Natural Cooking Oil 313,Grocery,Fortune,459.0,430787.5,162,1039.6600000000008
PROD000821,Red Bull Original Energy Drinks 821,Beverages,Red Bull,316.0,413044.1,115,1470.0999999999992
PROD000141,Fresho Premium Fresh Vegetables 141,Vegetables,Fresho,454.0,688322.4299999999,140,1680.1399999999996
PROD000431,Surf Excel Daily Laundry 431,Household,Surf Excel,180.0,152505.82,55,922.4799999999998
PROD000969,Haldiram Daily Namkeen 969,Snacks,Haldiram,509.0,667785.75,179,1455.6900000000007
PROD000645,Amul Daily Milk 645,Dairy,Amul,526.0,687437.63,172,1444.5100000000002
PROD000513,Coca-cola Daily Soft Drinks 513,Beverages,Coca-cola,476.0,243041.78000000003,150,571.9300000000002
PROD000628,India Gate Organic Rice 628,Grocery,India Gate,1140.0,777342.1399999999,366,760.5500000000014
PROD000651,Britannia Value Bread 651,Bakery,Britannia,144.0,166543.88999999998,50,1302.89
PROD000753,Fresho Premium Fresh Fruits 753,Fruits,Fresho,290.0,436628.77,97,1660.419999999999
PROD000245,Harpic Special Cleaning 245,Household,Harpic,507.0,882382.75,168,1926.8500000000004
PROD000053,Lays Original Chips 53,Snacks,Lays,485.0,540809.79,169,1235.7399999999996
PROD000142,Aashirvaad Daily Atta 142,Grocery,Aashirvaad,790.0,754343.66,273,1062.1699999999987
PROD000807,Monginis Special Cakes 807,Bakery,Monginis,489.0,61139.020000000004,160,138.1999999999999
PROD000959,Parle Natural Biscuits 959,Snacks,Parle,375.0,497052.12999999995,124,1480.2200000000005
PROD000738,Real Special Juice 738,Beverages,Real,188.0,21572.15,61,127.53
PROD000725,Real Organic Juice 725,Beverages,Real,849.0,1314759.7799999998,279,1720.9600000000023
PROD000277,Surf Excel Natural Laundry 277,Household,Surf Excel,496.0,738765.58,170,1657.1299999999994
PROD000524,Britannia Value Bread 524,Bakery,Britannia,588.0,801693.9800000001,188,1514.4400000000012
PROD000868,Harpic Value Cleaning 868,Household,Harpic,137.0,190432.61999999997,46,1564.0800000000002
PROD000756,Red Bull Natural Energy Drinks 756,Beverages,Red Bull,854.0,577160.3900000001,284,749.269999999999
PROD000107,Fresho Original Fresh Vegetables 107,Vegetables,Fresho,480.0,203154.31999999998,159,469.2700000000003
PROD000067,Amul Special Milk 67,Dairy,Amul,608.0,474524.75,214,865.8799999999995
PROD000345,India Gate Family Rice 345,Grocery,India Gate,255.0,226249.66000000003,90,978.6399999999998
PROD000292,Fortune Organic Cooking Oil 292,Grocery,Fortune,653.0,186392.16000000003,228,314.3700000000002
PROD000370,Britannia Value Bread 370,Bakery,Britannia,672.0,1152655.14,219,1907.7299999999993
PROD000630,Amul Family Cheese 630,Dairy,Amul,187.0,249134.13,66,1481.82
PROD000566,Amul Organic Milk 566,Dairy,Amul,664.0,967454.11,232,1630.9400000000014
PROD000410,Britannia Fresh Bread 410,Bakery,Britannia,310.0,129805.58000000002,103,468.12000000000023
PROD000331,Fresho Natural Fresh Vegetables 331,Vegetables,Fresho,629.0,1062266.6400000001,210,1863.5099999999989
PROD000288,Coca-cola Special Soft Drinks 288,Beverages,Coca-cola,215.0,225820.73,70,1152.25
PROD000018,Mother Dairy Original Curd 18,Dairy,Mother Dairy,346.0,63374.32,109,204.05000000000007
PROD000201,Amul Premium Cheese 201,Dairy,Amul,854.0,1240870.9700000002,278,1619.7299999999993
PROD000503,Amul Organic Milk 503,Dairy,Amul,1039.0,849008.64,353,910.4700000000007
PROD000396,Haldiram Organic Namkeen 396,Snacks,Haldiram,372.0,532690.34,129,1595.0400000000004
PROD000963,India Gate Special Rice 963,Grocery,India Gate,516.0,834202.52,160,1800.4600000000003
PROD000484,Monginis Natural Cakes 484,Bakery,Monginis,634.0,647702.55,217,1126.2200000000007
PROD000079,Fresho Value Fresh Fruits 79,Fruits,Fresho,806.0,899141.4299999999,279,1236.0700000000015
PROD000112,Monginis Special Cakes 112,Bakery,Monginis,935.0,1496622.68,305,1775.7700000000007
PROD000380,Red Bull Family Energy Drinks 380,Beverages,Red Bull,344.0,278873.14,112,896.2099999999995
PROD000389,Britannia Daily Bread 389,Bakery,Britannia,358.0,406536.89,120,1272.7200000000005
PROD000456,Mother Dairy Classic Curd 456,Dairy,Mother Dairy,687.0,895413.6399999999,232,1452.339999999998
PROD000208,Surf Excel Fresh Laundry 208,Household,Surf Excel,548.0,726756.29,184,1469.0400000000002
PROD000128,Britannia Fresh Bread 128,Bakery,Britannia,497.0,209578.13,174,469.29999999999956
PROD000259,Parle Classic Biscuits 259,Snacks,Parle,524.0,354423.70999999996,175,747.8199999999998
PROD000616,Mother Dairy Classic Curd 616,Dairy,Mother Dairy,346.0,483268.76,122,1536.7699999999993
PROD000005,Red Bull Original Energy Drinks 5,Beverages,Red Bull,417.0,383602.73,134,1034.6100000000004
PROD000330,Monginis Classic Cakes 330,Bakery,Monginis,642.0,102669.00999999998,212,175.79000000000008
PROD000148,Amul Classic Milk 148,Dairy,Amul,511.0,44193.600000000006,163,96.73999999999988
PROD000510,Coca-cola Fresh Soft Drinks 510,Beverages,Coca-cola,180.0,314771.5,59,1911.0400000000004
PROD000405,Amul Natural Cheese 405,Dairy,Amul,185.0,303367.2,62,1831.5499999999997
PROD000339,Haldiram Value Namkeen 339,Snacks,Haldiram,200.0,8738.11,67,48.47000000000001
PROD000777,Dove Fresh Shampoo 777,Personal Care,Dove,471.0,20472.299999999996,164,48.200000000000024
PROD000800,Lays Family Chips 800,Snacks,Lays,442.0,665631.6300000001,156,1672.1399999999999
PROD000654,Harpic Original Cleaning 654,Household,Harpic,477.0,683203.4400000001,159,1592.9599999999994
PROD000426,Lux Premium Soap 426,Personal Care,Lux,364.0,17481.63,118,52.81999999999999
PROD000154,Coca-cola Classic Soft Drinks 154,Beverages,Coca-cola,1229.0,1023657.78,401,924.0399999999986
PROD000636,Fortune Special Cooking Oil 636,Grocery,Fortune,338.0,543083.57,116,1770.330000000001
PROD000584,Fortune Natural Cooking Oil 584,Grocery,Fortune,342.0,377864.18000000005,108,1234.7900000000006
PROD000613,Monginis Premium Cakes 613,Bakery,Monginis,249.0,240009.91999999998,88,1044.7200000000003
PROD000176,Coca-cola Natural Soft Drinks 176,Beverages,Coca-cola,718.0,891815.8499999999,237,1367.2200000000005
PROD000810,Lux Special Soap 810,Personal Care,Lux,950.0,1094063.6,303,1282.75
PROD000156,Lays Daily Chips 156,Snacks,Lays,795.0,1159859.99,260,1620.630000000001
PROD000464,Mother Dairy Original Curd 464,Dairy,Mother Dairy,303.0,31999.19,102,118.61
PROD000436,Fresho Premium Fresh Fruits 436,Fruits,Fresho,876.0,1252706.9100000001,279,1583.1300000000012
PROD000205,Britannia Value Bread 205,Bakery,Britannia,503.0,664267.8100000002,154,1457.6200000000006
PROD000420,Harpic Special Cleaning 420,Household,Harpic,919.0,884710.0099999998,314,1071.2799999999993
PROD000098,Coca-cola Natural Soft Drinks 98,Beverages,Coca-cola,535.0,749165.4999999999,174,1573.339999999998
PROD000521,Dove Organic Shampoo 521,Personal Care,Dove,328.0,530438.4099999999,113,1779.980000000001
PROD000051,Red Bull Family Energy Drinks 51,Beverages,Red Bull,331.0,19093.989999999998,115,64.5
PROD000809,Fortune Premium Cooking Oil 809,Grocery,Fortune,536.0,880880.0400000002,179,1836.3000000000018
PROD000684,Lux Family Soap 684,Personal Care,Lux,453.0,54441.18,162,133.53
PROD000819,Surf Excel Natural Laundry 819,Household,Surf Excel,427.0,302163.98000000004,136,781.2700000000003
PROD000362,Surf Excel Fresh Laundry 362,Household,Surf Excel,511.0,664327.5,172,1453.5100000000004
PROD000257,Haldiram Natural Namkeen 257,Snacks,Haldiram,465.0,603221.6099999999,161,1455.1900000000007
PROD000721,Amul Daily Milk 721,Dairy,Amul,408.0,563497.23,146,1541.0400000000006
PROD000253,Lux Special Soap 253,Personal Care,Lux,328.0,564482.9,108,1900.8899999999996
PROD000686,Real Natural Juice 686,Beverages,Real,308.0,316881.41,102,1144.57
PROD000811,Britannia Fresh Bread 811,Bakery,Britannia,693.0,326037.79,230,519.9199999999992
PROD000191,Dove Family Shampoo 191,Personal Care,Dove,139.0,104614.58000000002,51,840.8500000000001
PROD000324,Haldiram Special Namkeen 324,Snacks,Haldiram,813.0,1209060.22,272,1661.8899999999996
PROD000019,Haldiram Family Namkeen 19,Snacks,Haldiram,169.0,181574.49,51,1196.6199999999997
PROD000698,Amul Value Cheese 698,Dairy,Amul,703.0,329669.06,236,521.3300000000008
PROD000727,Mother Dairy Daily Curd 727,Dairy,Mother Dairy,442.0,653331.18,144,1638.0100000000004
PROD000494,Amul Fresh Milk 494,Dairy,Amul,295.0,309923.00000000006,98,1172.9599999999994
PROD000412,Britannia Original Bread 412,Bakery,Britannia,517.0,852381.97,180,1838.6999999999985
PROD000479,Harpic Organic Cleaning 479,Household,Harpic,673.0,813872.77,218,1336.0199999999993
PROD000460,Amul Daily Cheese 460,Dairy,Amul,157.0,104362.74,48,755.3799999999998
PROD000713,Dove Natural Shampoo 713,Personal Care,Dove,652.0,145871.81,220,248.3199999999998
PROD000272,Aashirvaad Original Atta 272,Grocery,Aashirvaad,801.0,794756.74,269,1106.9100000000021
PROD000906,Dove Classic Shampoo 906,Personal Care,Dove,775.0,494058.92000000004,265,704.4899999999999
PROD000950,Fresho Classic Fresh Fruits 950,Fruits,Fresho,467.0,616610.66,148,1462.7600000000002
PROD000648,Harpic Daily Cleaning 648,Household,Harpic,314.0,252334.7,118,895.6300000000002
PROD000763,Haldiram Original Namkeen 763,Snacks,Haldiram,166.0,243105.47,52,1638.1399999999996
PROD000078,Dove Organic Shampoo 78,Personal Care,Dove,113.0,120105.46,41,1167.1000000000001
PROD000797,Monginis Natural Cakes 797,Bakery,Monginis,159.0,279137.57999999996,56,1946.6300000000006
PROD000564,Haldiram Organic Namkeen 564,Snacks,Haldiram,498.0,464008.69000000006,168,1038.4499999999996
PROD000139,Amul Family Cheese 139,Dairy,Amul,599.0,551460.96,196,1025.9100000000012
PROD000372,Dove Special Shampoo 372,Personal Care,Dove,147.0,181463.0,48,1365.5200000000002
PROD000678,Red Bull Natural Energy Drinks 678,Beverages,Red Bull,581.0,795490.22,193,1513.980000000001
PROD000577,Monginis Classic Cakes 577,Bakery,Monginis,640.0,109738.16,212,190.10999999999999
PROD000948,Aashirvaad Fresh Atta 948,Grocery,Aashirvaad,880.0,1336198.76,300,1698.8999999999976
PROD000546,Fortune Classic Cooking Oil 546,Grocery,Fortune,383.0,500998.13,128,1456.919999999999
PROD000657,Parle Special Biscuits 657,Snacks,Parle,163.0,71490.61,56,486.71
PROD000058,Amul Natural Milk 58,Dairy,Amul,333.0,316475.73,113,1054.4900000000002
PROD000312,Coca-cola Premium Soft Drinks 312,Beverages,Coca-cola,317.0,115808.90999999999,100,402.55
PROD000531,Monginis Daily Cakes 531,Bakery,Monginis,734.0,850554.9199999999,239,1279.4199999999987
PROD000964,Fortune Premium Cooking Oil 964,Grocery,Fortune,850.0,1504980.4300000002,291,1963.8900000000008
PROD000523,Haldiram Daily Namkeen 523,Snacks,Haldiram,485.0,823637.46,158,1876.3799999999999
PROD000031,Fresho Daily Fresh Fruits 31,Fruits,Fresho,989.0,1296181.39,340,1450.899999999998
PROD000568,Red Bull Original Energy Drinks 568,Beverages,Red Bull,966.0,1698313.5199999998,298,1958.4499999999996
PROD000303,Real Fresh Juice 303,Beverages,Real,472.0,296674.16,165,693.5800000000007
PROD000336,Fresho Natural Fresh Vegetables 336,Vegetables,Fresho,515.0,356567.77,174,773.2200000000005
PROD000016,Coca-cola Family Soft Drinks 16,Beverages,Coca-cola,301.0,72796.82999999999,101,269.5500000000001
PROD000837,Lux Classic Soap 837,Personal Care,Lux,1037.0,1230105.2,337,1317.289999999998
PROD000818,Real Classic Juice 818,Beverages,Real,758.0,91668.94,252,135.82999999999996
PROD000635,Haldiram Organic Namkeen 635,Snacks,Haldiram,728.0,676588.02,244,1035.550000000001
PROD000164,Dove Family Shampoo 164,Personal Care,Dove,351.0,530174.04,112,1683.07
PROD000844,Britannia Natural Bread 844,Bakery,Britannia,512.0,80337.22000000002,169,173.69999999999987
PROD000352,Fresho Natural Fresh Fruits 352,Fruits,Fresho,944.0,183335.23,310,216.75
PROD000859,Mother Dairy Daily Curd 859,Dairy,Mother Dairy,1003.0,1656122.8099999996,326,1835.6799999999962
PROD000308,Aashirvaad Premium Atta 308,Grocery,Aashirvaad,316.0,322546.37000000005,110,1150.0600000000004
PROD000905,Parle Fresh Biscuits 905,Snacks,Parle,175.0,167351.34000000003,54,1049.99
PROD000146,Aashirvaad Fresh Atta 146,Grocery,Aashirvaad,188.0,294248.32000000007,67,1755.3899999999996
PROD000375,Parle Classic Biscuits 375,Snacks,Parle,561.0,258970.83,200,514.3199999999998
PROD000970,Amul Natural Cheese 970,Dairy,Amul,319.0,425528.98000000004,109,1471.6200000000001
PROD000588,Parle Original Biscuits 588,Snacks,Parle,137.0,144459.09999999998,44,1180.3299999999997
PROD000057,Lux Natural Soap 57,Personal Care,Lux,328.0,220317.08,112,757.9500000000004
PROD000945,Harpic Premium Cleaning 945,Household,Harpic,839.0,1453771.29,285,1920.1000000000024
PROD000626,India Gate Value Rice 626,Grocery,India Gate,690.0,713262.53,226,1149.4700000000007
PROD000467,Aashirvaad Natural Atta 467,Grocery,Aashirvaad,304.0,419735.95999999996,105,1530.0199999999998
PROD000867,Monginis Organic Cakes 867,Bakery,Monginis,530.0,221771.61000000004,170,470.9000000000001
PROD000549,Amul Fresh Cheese 549,Dairy,Amul,1009.0,606978.3000000002,324,666.7900000000006
PROD000001,Mother Dairy Natural Curd 1,Dairy,Mother Dairy,838.0,442965.85,278,586.4499999999998
PROD000704,Fresho Classic Fresh Fruits 704,Fruits,Fresho,128.0,175684.84999999998,42,1536.5599999999997
PROD000574,Amul Original Milk 574,Dairy,Amul,352.0,41670.94,118,132.67000000000004
PROD000712,Haldiram Family Namkeen 712,Snacks,Haldiram,336.0,309269.92999999993,112,1011.0699999999999
PROD000083,Monginis Value Cakes 83,Bakery,Monginis,643.0,355154.88,219,612.6899999999997
PROD000770,Lays Daily Chips 770,Snacks,Lays,638.0,357989.24,219,627.9000000000007
PROD000111,Aashirvaad Fresh Atta 111,Grocery,Aashirvaad,583.0,326057.94,183,619.4500000000005
PROD000341,Surf Excel Original Laundry 341,Household,Surf Excel,325.0,184616.50000000003,108,629.24
PROD000415,Monginis Daily Cakes 415,Bakery,Monginis,1004.0,372810.0,328,412.6199999999998
PROD000582,India Gate Family Rice 582,Grocery,India Gate,308.0,399012.12,108,1452.7799999999997
PROD000699,Fortune Family Cooking Oil 699,Grocery,Fortune,979.0,1332385.39,339,1510.6000000000024
PROD000621,Monginis Original Cakes 621,Bakery,Monginis,346.0,358746.97,117,1159.9399999999996
PROD000666,Mother Dairy Special Curd 666,Dairy,Mother Dairy,551.0,143809.44999999998,180,289.69
PROD000633,Amul Original Cheese 633,Dairy,Amul,664.0,1054236.36,225,1758.0500000000015
PROD000508,Britannia Daily Bread 508,Bakery,Britannia,833.0,280246.06,279,374.2599999999995
PROD000269,Real Special Juice 269,Beverages,Real,1087.0,311919.94,370,317.7400000000005
PROD000783,India Gate Special Rice 783,Grocery,India Gate,165.0,260235.62,56,1736.07
PROD000065,Aashirvaad Original Atta 65,Grocery,Aashirvaad,344.0,200144.19,116,655.1800000000002
PROD000119,Lays Classic Chips 119,Snacks,Lays,161.0,154483.7,47,1052.3800000000003
PROD000861,Real Family Juice 861,Beverages,Real,391.0,103234.09,132,290.4700000000001
PROD000597,Monginis Family Cakes 597,Bakery,Monginis,563.0,823438.2400000002,179,1624.4900000000005
PROD000579,Fresho Fresh Fresh Vegetables 579,Vegetables,Fresho,1044.0,1386655.3900000001,348,1472.0899999999974
PROD000816,Amul Original Milk 816,Dairy,Amul,487.0,687072.97,155,1581.1900000000007
PROD000865,Lux Family Soap 865,Personal Care,Lux,314.0,172482.19999999998,102,600.4599999999997
PROD000669,Fresho Daily Fresh Fruits 669,Fruits,Fresho,194.0,337692.14,58,1948.6799999999998
PROD000379,Monginis Special Cakes 379,Bakery,Monginis,663.0,668359.75,220,1121.6100000000004
PROD000188,Real Natural Juice 188,Beverages,Real,489.0,691269.72,168,1574.5399999999997
PROD000583,Surf Excel Organic Laundry 583,Household,Surf Excel,1102.0,1286459.31,379,1297.2700000000011
PROD000252,India Gate Natural Rice 252,Grocery,India Gate,345.0,107921.64,118,345.8199999999999
PROD000759,Lays Family Chips 759,Snacks,Lays,1036.0,832028.4700000001,347,892.6600000000019
PROD000652,Fresho Daily Fresh Fruits 652,Fruits,Fresho,606.0,889753.99,201,1639.0199999999995
PROD000502,India Gate Original Rice 502,Grocery,India Gate,635.0,637236.9800000001,222,1114.3399999999983
PROD000430,Lays Premium Chips 430,Snacks,Lays,776.0,933946.44,265,1341.9100000000021
PROD000520,Mother Dairy Daily Curd 520,Dairy,Mother Dairy,604.0,895637.89,207,1628.9299999999987
PROD000789,Red Bull Value Energy Drinks 789,Beverages,Red Bull,299.0,324127.57000000007,104,1193.6300000000008
PROD000984,Surf Excel Family Laundry 984,Household,Surf Excel,377.0,483260.52999999997,122,1433.93
PROD000425,Mother Dairy Original Curd 425,Dairy,Mother Dairy,332.0,386535.92,107,1302.1399999999996
PROD000682,Coca-cola Value Soft Drinks 682,Beverages,Coca-cola,749.0,474520.95999999996,249,706.75
PROD000356,Haldiram Classic Namkeen 356,Snacks,Haldiram,599.0,731528.68,198,1344.809999999999
PROD000852,Aashirvaad Natural Atta 852,Grocery,Aashirvaad,183.0,184870.28,61,1118.32
PROD000836,Fortune Premium Cooking Oil 836,Grocery,Fortune,393.0,620093.28,133,1751.25
PROD000038,Britannia Original Bread 38,Bakery,Britannia,430.0,262107.17000000004,143,678.9500000000005
PROD000576,Surf Excel Premium Laundry 576,Household,Surf Excel,505.0,665455.6799999999,171,1473.75
PROD000914,Britannia Special Bread 914,Bakery,Britannia,369.0,629170.3099999999,122,1883.4100000000017
PROD000162,Haldiram Organic Namkeen 162,Snacks,Haldiram,957.0,557092.2899999999,322,646.1900000000006
PROD000437,Lays Value Chips 437,Snacks,Lays,1051.0,635477.74,354,671.6699999999988
PROD000701,Coca-cola Classic Soft Drinks 701,Beverages,Coca-cola,540.0,343164.35,177,711.7700000000002
PROD000358,Lux Original Soap 358,Personal Care,Lux,788.0,870831.6599999999,268,1224.0
PROD000671,Amul Family Milk 671,Dairy,Amul,828.0,716708.03,282,962.1100000000005
PROD000793,Amul Organic Milk 793,Dairy,Amul,1180.0,947744.6800000002,394,894.9199999999988
PROD000421,Haldiram Organic Namkeen 421,Snacks,Haldiram,509.0,708079.99,163,1526.3899999999996
PROD000178,Aashirvaad Value Atta 178,Grocery,Aashirvaad,1020.0,1418414.9399999997,335,1545.2899999999977
PROD000064,India Gate Special Rice 64,Grocery,India Gate,553.0,550848.74,186,1119.5599999999995
PROD000442,Amul Classic Milk 442,Dairy,Amul,393.0,179814.13,135,508.5200000000003
PROD000739,Aashirvaad Daily Atta 739,Grocery,Aashirvaad,379.0,378578.44000000006,124,1103.1899999999998
PROD000069,Fresho Organic Fresh Vegetables 69,Vegetables,Fresho,540.0,87654.94000000002,168,180.6999999999999
PROD000399,Surf Excel Fresh Laundry 399,Household,Surf Excel,345.0,41580.16,114,134.07000000000002
PROD000219,Harpic Premium Cleaning 219,Household,Harpic,539.0,720209.8300000001,175,1480.449999999999
PROD000369,Amul Premium Milk 369,Dairy,Amul,178.0,80948.68,60,495.6999999999999
PROD000144,Aashirvaad Classic Atta 144,Grocery,Aashirvaad,849.0,311341.85,284,408.38999999999965
PROD000622,Haldiram Organic Namkeen 622,Snacks,Haldiram,685.0,478414.47,233,776.8199999999998
PROD000677,Harpic Value Cleaning 677,Household,Harpic,846.0,349508.0099999999,290,459.2999999999998
PROD000644,Haldiram Premium Namkeen 644,Snacks,Haldiram,148.0,32259.83,47,243.4699999999999
PROD000161,Harpic Classic Cleaning 161,Household,Harpic,511.0,386861.96,166,851.3199999999999
PROD000116,Coca-cola Premium Soft Drinks 116,Beverages,Coca-cola,153.0,3166.17,54,22.449999999999996
PROD000113,Fortune Fresh Cooking Oil 113,Grocery,Fortune,507.0,405186.3699999999,172,890.4499999999999
PROD000504,Haldiram Classic Namkeen 504,Snacks,Haldiram,788.0,949379.01,264,1334.009999999999
PROD000137,Aashirvaad Premium Atta 137,Grocery,Aashirvaad,905.0,1328601.8099999998,300,1632.899999999998
PROD000722,Mother Dairy Fresh Curd 722,Dairy,Mother Dairy,1020.0,1155626.82,343,1254.220000000001
PROD000983,Surf Excel Natural Laundry 983,Household,Surf Excel,143.0,35844.87,52,279.7600000000001
PROD000920,Amul Organic Cheese 920,Dairy,Amul,637.0,282186.98,214,488.61000000000035
PROD000268,Fresho Organic Fresh Vegetables 268,Vegetables,Fresho,874.0,85481.38,286,108.1800000000001
PROD000476,Surf Excel Fresh Laundry 476,Household,Surf Excel,366.0,47467.87999999999,130,143.61
PROD000990,Haldiram Classic Namkeen 990,Snacks,Haldiram,704.0,655780.75,235,1034.7399999999993
PROD000943,Dove Original Shampoo 943,Personal Care,Dove,304.0,69283.72,102,254.32999999999996
PROD000976,Monginis Daily Cakes 976,Bakery,Monginis,311.0,340684.51999999996,112,1212.3600000000004
PROD000070,Dove Daily Shampoo 70,Personal Care,Dove,699.0,423843.11000000004,236,674.5999999999993
PROD000573,Surf Excel Organic Laundry 573,Household,Surf Excel,668.0,326378.9,213,541.6199999999999
PROD000132,Surf Excel Natural Laundry 132,Household,Surf Excel,772.0,164916.41999999998,256,235.82999999999996
PROD000849,Fresho Organic Fresh Fruits 849,Fruits,Fresho,296.0,242492.55,104,907.4500000000005
PROD000842,Lays Family Chips 842,Snacks,Lays,637.0,694116.96,212,1213.3399999999983
PROD000117,Haldiram Daily Namkeen 117,Snacks,Haldiram,539.0,566163.3300000001,169,1173.18
PROD000890,Dove Premium Shampoo 890,Personal Care,Dove,622.0,373378.49000000005,198,675.0600000000003
PROD000357,Lays Organic Chips 357,Snacks,Lays,535.0,672168.52,173,1397.6299999999994
PROD000569,Parle Fresh Biscuits 569,Snacks,Parle,470.0,455142.02999999997,154,1078.4100000000008
PROD000720,Surf Excel Original Laundry 720,Household,Surf Excel,695.0,1217100.74,237,1935.8500000000017
PROD000694,Fresho Family Fresh Fruits 694,Fruits,Fresho,620.0,956378.1400000001,210,1710.8899999999996
PROD000658,India Gate Special Rice 658,Grocery,India Gate,122.0,122031.11,34,1115.3500000000004
PROD000506,Mother Dairy Family Curd 506,Dairy,Mother Dairy,688.0,1106085.35,230,1779.2299999999993
PROD000076,Amul Daily Milk 76,Dairy,Amul,318.0,365931.14,98,1270.0200000000002
PROD000364,Harpic Fresh Cleaning 364,Household,Harpic,170.0,95686.17000000001,57,625.7700000000002
PROD000661,Aashirvaad Family Atta 661,Grocery,Aashirvaad,505.0,595983.0800000001,174,1308.2399999999998
PROD000250,Amul Special Milk 250,Dairy,Amul,675.0,1197265.35,229,1964.1900000000016
PROD000754,Surf Excel Fresh Laundry 754,Household,Surf Excel,652.0,578000.65,217,978.0999999999991
PROD000319,India Gate Premium Rice 319,Grocery,India Gate,712.0,1091430.3399999999,244,1703.119999999999
PROD000919,Surf Excel Original Laundry 919,Household,Surf Excel,318.0,480235.6,106,1696.2200000000007
PROD000785,Monginis Classic Cakes 785,Bakery,Monginis,139.0,231917.69,49,1848.0
PROD000734,Harpic Original Cleaning 734,Household,Harpic,157.0,141300.74,54,998.7399999999999
PROD000428,Fresho Family Fresh Vegetables 428,Vegetables,Fresho,414.0,100801.51000000001,147,270.34000000000015
PROD000926,Fresho Fresh Fresh Fruits 926,Fruits,Fresho,612.0,210875.78999999998,216,385.6399999999997
PROD000332,Coca-cola Special Soft Drinks 332,Beverages,Coca-cola,502.0,173324.14,165,384.5
PROD000023,Amul Special Milk 23,Dairy,Amul,661.0,657664.6299999999,213,1100.7099999999996
PROD000846,Fortune Original Cooking Oil 846,Grocery,Fortune,401.0,602364.97,140,1665.82
PROD000765,Monginis Original Cakes 765,Bakery,Monginis,150.0,80402.25999999998,51,595.7700000000001
PROD000888,Lux Original Soap 888,Personal Care,Lux,280.0,95550.91,100,372.95999999999987
PROD000014,Amul Value Cheese 14,Dairy,Amul,572.0,902101.6299999999,173,1749.559999999999
PROD000655,Amul Value Cheese 655,Dairy,Amul,678.0,314816.51,220,517.16
PROD000896,Lux Natural Soap 896,Personal Care,Lux,515.0,164493.68999999997,169,354.23999999999984
PROD000971,Fortune Natural Cooking Oil 971,Grocery,Fortune,1080.0,554272.6099999999,350,566.5899999999988
PROD000834,Real Premium Juice 834,Beverages,Real,176.0,4800.25,55,30.139999999999993
PROD000081,Haldiram Premium Namkeen 81,Snacks,Haldiram,471.0,132469.53999999998,152,312.6299999999998
PROD000598,Dove Value Shampoo 598,Personal Care,Dove,693.0,452041.89,233,724.2099999999995
PROD000561,Fortune Classic Cooking Oil 561,Grocery,Fortune,951.0,128180.93000000001,297,150.34000000000012
PROD000782,Dove Family Shampoo 782,Personal Care,Dove,134.0,201209.82,49,1660.5400000000004
PROD000537,Fortune Value Cooking Oil 537,Grocery,Fortune,1040.0,308030.3400000001,350,330.8100000000005
PROD000907,Parle Classic Biscuits 907,Snacks,Parle,911.0,693149.7999999999,300,844.8700000000008
PROD000346,Mother Dairy Premium Curd 346,Dairy,Mother Dairy,115.0,82743.26000000001,41,791.5
PROD000522,Real Natural Juice 522,Beverages,Real,741.0,389807.21,246,583.169999999999
PROD000195,Monginis Daily Cakes 195,Bakery,Monginis,285.0,386616.72,96,1503.7
PROD000499,Parle Fresh Biscuits 499,Snacks,Parle,162.0,195184.72999999998,57,1314.3800000000006
PROD000342,Lays Original Chips 342,Snacks,Lays,871.0,502880.94000000006,284,635.9199999999988
PROD000550,Harpic Organic Cleaning 550,Household,Harpic,307.0,243150.84999999998,105,878.1300000000001
PROD000850,Fresho Classic Fresh Fruits 850,Fruits,Fresho,136.0,179504.72000000003,49,1482.3699999999994
PROD000649,Parle Premium Biscuits 649,Snacks,Parle,733.0,522634.80000000005,238,792.9499999999994
PROD000199,Harpic Family Cleaning 199,Household,Harpic,278.0,463983.60000000003,91,1867.3600000000001
PROD000105,Lux Classic Soap 105,Personal Care,Lux,321.0,319482.9,105,1101.5099999999993
PROD000407,Fresho Special Fresh Vegetables 407,Vegetables,Fresho,130.0,183976.31999999998,45,1583.0200000000002
PROD000333,Parle Premium Biscuits 333,Snacks,Parle,996.0,628439.7999999998,334,702.1100000000004
PROD000955,Surf Excel Daily Laundry 955,Household,Surf Excel,296.0,221111.78999999998,107,832.7900000000004
PROD000509,Aashirvaad Fresh Atta 509,Grocery,Aashirvaad,372.0,580640.26,116,1729.9000000000008
PROD000726,Fortune Value Cooking Oil 726,Grocery,Fortune,581.0,910002.96,200,1742.5700000000018
PROD000873,Dove Value Shampoo 873,Personal Care,Dove,498.0,467335.86,171,1039.6299999999999
PROD000187,Dove Daily Shampoo 187,Personal Care,Dove,788.0,998251.4099999999,259,1405.5399999999988
PROD000061,Harpic Family Cleaning 61,Household,Harpic,527.0,723739.8600000001,168,1531.24
PROD000486,Britannia Family Bread 486,Bakery,Britannia,718.0,1176843.52,245,1811.9199999999996
PROD000432,Britannia Fresh Bread 432,Bakery,Britannia,1098.0,960245.3700000001,364,976.6199999999997
PROD000794,Amul Value Cheese 794,Dairy,Amul,824.0,525881.6699999999,267,707.589999999999
PROD000737,Surf Excel Value Laundry 737,Household,Surf Excel,301.0,249144.88,102,907.6399999999998
PROD000664,Red Bull Natural Energy Drinks 664,Beverages,Red Bull,831.0,1069540.3599999999,278,1421.4700000000007
PROD000932,Amul Classic Cheese 932,Dairy,Amul,523.0,135792.54,158,289.97999999999973
PROD000241,Surf Excel Family Laundry 241,Household,Surf Excel,1222.0,1046589.0299999998,407,951.2400000000013
PROD000845,Coca-cola Natural Soft Drinks 845,Beverages,Coca-cola,487.0,51017.159999999996,158,116.96000000000002
PROD000706,Britannia Organic Bread 706,Bakery,Britannia,701.0,753374.6099999999,231,1209.8399999999983
PROD000198,Fresho Fresh Fresh Vegetables 198,Vegetables,Fresho,174.0,105935.16,54,671.9599999999999
PROD000911,Parle Family Biscuits 911,Snacks,Parle,804.0,514934.62000000017,264,715.1500000000008
PROD000402,Parle Family Biscuits 402,Snacks,Parle,703.0,1121210.2900000003,232,1774.9499999999987
PROD000114,Amul Daily Cheese 114,Dairy,Amul,656.0,1124932.97,224,1902.4900000000016
PROD000290,Fortune Family Cooking Oil 290,Grocery,Fortune,314.0,48476.53999999999,109,170.38999999999996
PROD000013,Mother Dairy Premium Curd 13,Dairy,Mother Dairy,831.0,710351.32,273,956.6600000000017
PROD000825,Coca-cola Premium Soft Drinks 825,Beverages,Coca-cola,525.0,824208.3300000001,175,1751.4499999999987
PROD000631,Fresho Natural Fresh Fruits 631,Fruits,Fresho,852.0,326143.2200000001,284,427.40999999999997
PROD000326,Dove Daily Shampoo 326,Personal Care,Dove,315.0,378812.68,105,1331.27
PROD000095,Mother Dairy Premium Curd 95,Dairy,Mother Dairy,304.0,22986.629999999997,100,83.69000000000004
PROD000860,Amul Daily Cheese 860,Dairy,Amul,825.0,183983.84000000003,276,248.1100000000002
PROD000374,Fresho Daily Fresh Vegetables 374,Vegetables,Fresho,670.0,125043.67000000001,221,208.3500000000002
PROD000406,Real Fresh Juice 406,Beverages,Real,489.0,106221.59999999999,169,241.82999999999998
PROD000934,Fresho Daily Fresh Vegetables 934,Vegetables,Fresho,653.0,854535.8,213,1461.410000000002
PROD000045,Fresho Premium Fresh Fruits 45,Fruits,Fresho,448.0,404760.67,159,1012.1299999999998
PROD000779,Parle Natural Biscuits 779,Snacks,Parle,302.0,545258.14,97,1996.220000000001
PROD000575,Monginis Value Cakes 575,Bakery,Monginis,505.0,83630.45,171,183.15999999999994
PROD000674,Parle Original Biscuits 674,Snacks,Parle,342.0,50419.47,112,163.40999999999994
PROD000492,Monginis Value Cakes 492,Bakery,Monginis,812.0,905847.04,279,1236.289999999999
PROD000267,Real Organic Juice 267,Beverages,Real,620.0,543675.74,216,971.8399999999987
PROD000174,Amul Daily Milk 174,Dairy,Amul,315.0,507124.80999999994,97,1786.900000000001
PROD000468,Amul Daily Cheese 468,Dairy,Amul,811.0,248962.5,274,343.4300000000001
PROD000094,Fresho Value Fresh Vegetables 94,Vegetables,Fresho,582.0,230708.56999999998,194,437.8499999999999
PROD000248,Dove Daily Shampoo 248,Personal Care,Dove,544.0,975664.8800000001,189,1988.7700000000004
PROD000295,India Gate Daily Rice 295,Grocery,India Gate,452.0,79350.23999999999,142,194.6599999999999
PROD000921,Fresho Classic Fresh Fruits 921,Fruits,Fresho,450.0,685215.0299999999,151,1689.1399999999996
PROD000876,Monginis Natural Cakes 876,Bakery,Monginis,840.0,1201324.8599999999,288,1584.729999999999
PROD000536,Fresho Classic Fresh Fruits 536,Fruits,Fresho,434.0,446976.62000000005,157,1138.4300000000003
PROD000284,Amul Original Cheese 284,Dairy,Amul,351.0,587548.92,116,1874.8399999999986
PROD000170,Coca-cola Classic Soft Drinks 170,Beverages,Coca-cola,785.0,1046380.0299999998,268,1482.0299999999993
PROD000512,Aashirvaad Premium Atta 512,Grocery,Aashirvaad,742.0,660903.7799999999,230,995.4599999999994
PROD000519,India Gate Value Rice 519,Grocery,India Gate,626.0,975395.22,208,1724.0899999999979
PROD000400,Real Daily Juice 400,Beverages,Real,644.0,574486.97,220,990.730000000001
PROD000977,Amul Organic Cheese 977,Dairy,Amul,377.0,424575.86,127,1245.3300000000006
PROD000806,Amul Premium Milk 806,Dairy,Amul,178.0,115017.07999999999,62,720.1499999999997
PROD000445,Fresho Organic Fresh Fruits 445,Fruits,Fresho,688.0,779834.62,231,1252.769999999999
PROD000209,Real Organic Juice 209,Beverages,Real,1216.0,1782789.3300000003,390,1635.4400000000016
PROD000010,Amul Value Cheese 10,Dairy,Amul,1298.0,1824186.0100000002,432,1566.1099999999972
PROD000027,Fresho Special Fresh Vegetables 27,Vegetables,Fresho,358.0,203896.90000000002,115,638.9699999999999
PROD000750,Lays Premium Chips 750,Snacks,Lays,159.0,213621.28000000003,53,1484.2599999999998
PROD000705,Harpic Daily Cleaning 705,Household,Harpic,505.0,809935.13,175,1767.559999999999
PROD000543,Mother Dairy Value Curd 543,Dairy,Mother Dairy,673.0,896419.9900000001,219,1488.5500000000013
PROD000382,Amul Value Milk 382,Dairy,Amul,698.0,127768.04999999999,231,203.55999999999995
PROD000745,Dove Daily Shampoo 745,Personal Care,Dove,857.0,1023926.3500000001,280,1326.1600000000024
PROD000140,Amul Original Milk 140,Dairy,Amul,824.0,1327154.63,265,1797.179999999997
PROD000889,Dove Daily Shampoo 889,Personal Care,Dove,436.0,231692.47999999998,145,591.8899999999998
PROD000749,Britannia Fresh Bread 749,Bakery,Britannia,442.0,543324.0700000001,151,1372.75
PROD000348,Dove Special Shampoo 348,Personal Care,Dove,308.0,307239.3,102,1118.93
PROD000285,Parle Fresh Biscuits 285,Snacks,Parle,329.0,294046.75,114,994.7999999999996
PROD000605,Coca-cola Family Soft Drinks 605,Beverages,Coca-cola,842.0,121391.51000000001,273,161.7299999999997
PROD000179,Britannia Premium Bread 179,Bakery,Britannia,521.0,890635.11,171,1908.690000000001
PROD000586,Fortune Family Cooking Oil 586,Grocery,Fortune,648.0,722983.4700000001,220,1240.8399999999983
PROD000495,Surf Excel Fresh Laundry 495,Household,Surf Excel,648.0,1101592.42,216,1880.6900000000012
PROD000300,Haldiram Natural Namkeen 300,Snacks,Haldiram,510.0,474890.63,165,1046.01
PROD000004,Mother Dairy Original Curd 4,Dairy,Mother Dairy,140.0,212165.68,45,1704.73
PROD000835,India Gate Premium Rice 835,Grocery,India Gate,151.0,94934.04000000001,49,696.3199999999998
PROD000347,Red Bull Family Energy Drinks 347,Beverages,Red Bull,1067.0,1838079.83,357,1907.1400000000028
PROD000440,Aashirvaad Daily Atta 440,Grocery,Aashirvaad,684.0,792490.74,223,1301.4800000000007
PROD000716,Fresho Organic Fresh Vegetables 716,Vegetables,Fresho,139.0,141054.0,45,1124.4500000000003
PROD000391,Real Original Juice 391,Beverages,Real,312.0,318401.51,98,1142.2799999999997
PROD000547,Surf Excel Premium Laundry 547,Household,Surf Excel,368.0,450790.33999999997,110,1364.1900000000003
PROD000858,Haldiram Natural Namkeen 858,Snacks,Haldiram,473.0,835035.53,164,1942.63
PROD000733,Monginis Premium Cakes 733,Bakery,Monginis,567.0,28388.78,202,55.260000000000055
PROD000618,Fresho Family Fresh Fruits 618,Fruits,Fresho,869.0,280591.26999999996,300,356.81000000000046
PROD000216,Mother Dairy Fresh Curd 216,Dairy,Mother Dairy,1046.0,1068809.0000000002,350,1132.0200000000004
PROD000791,Dove Daily Shampoo 791,Personal Care,Dove,613.0,779984.02,208,1412.7200000000007
PROD000235,Monginis Organic Cakes 235,Bakery,Monginis,809.0,403929.9099999999,273,558.2799999999995
PROD000692,Amul Daily Milk 692,Dairy,Amul,355.0,139618.54,114,439.39999999999975
PROD000857,Harpic Daily Cleaning 857,Household,Harpic,898.0,615213.6200000001,304,759.0599999999993
PROD000217,Mother Dairy Premium Curd 217,Dairy,Mother Dairy,509.0,163103.13,181,355.5200000000003
PROD000034,Coca-cola Premium Soft Drinks 34,Beverages,Coca-cola,521.0,750222.71,184,1601.910000000002
PROD000996,Parle Natural Biscuits 996,Snacks,Parle,132.0,71657.87,49,608.7200000000001
PROD000805,Fresho Natural Fresh Vegetables 805,Vegetables,Fresho,509.0,433329.03,168,950.94
PROD000024,Aashirvaad Natural Atta 24,Grocery,Aashirvaad,311.0,198068.88,104,704.2000000000003
PROD000587,Coca-cola Organic Soft Drinks 587,Beverages,Coca-cola,290.0,236504.58,102,902.9000000000002
PROD000904,Aashirvaad Original Atta 904,Grocery,Aashirvaad,126.0,8135.620000000001,46,71.19000000000001
PROD000530,Coca-cola Organic Soft Drinks 530,Beverages,Coca-cola,277.0,250157.77999999997,94,1004.0299999999997
PROD000747,Real Classic Juice 747,Beverages,Real,431.0,235231.1,142,606.78
PROD000623,Dove Classic Shampoo 623,Personal Care,Dove,361.0,271751.68999999994,119,844.7200000000001
PROD000567,Parle Original Biscuits 567,Snacks,Parle,356.0,62413.600000000006,121,192.82999999999998
PROD000642,Monginis Family Cakes 642,Bakery,Monginis,469.0,481607.39,162,1134.1900000000003
PROD000388,Lux Classic Soap 388,Personal Care,Lux,971.0,582747.58,327,672.7699999999988
PROD000978,Amul Original Cheese 978,Dairy,Amul,683.0,798270.92,217,1299.0299999999995
PROD000190,Lux Special Soap 190,Personal Care,Lux,520.0,867743.1299999999,165,1853.809999999999
PROD000030,Lays Daily Chips 30,Snacks,Lays,395.0,339104.76,126,960.5999999999995
PROD000100,Amul Family Cheese 100,Dairy,Amul,146.0,115108.65,46,881.97
PROD000020,Mother Dairy Organic Curd 20,Dairy,Mother Dairy,599.0,206909.59000000003,197,387.8899999999997
PROD000085,Aashirvaad Fresh Atta 85,Grocery,Aashirvaad,723.0,100251.68999999999,244,153.39999999999984
PROD000675,Lux Value Soap 675,Personal Care,Lux,662.0,1024041.25,231,1714.0099999999986
PROD000465,Harpic Original Cleaning 465,Household,Harpic,518.0,896006.8599999999,174,1934.529999999999
PROD000175,Parle Daily Biscuits 175,Snacks,Parle,322.0,61720.299999999996,109,213.22
PROD000787,Surf Excel Family Laundry 787,Household,Surf Excel,187.0,17161.149999999998,57,101.02999999999999
PROD000093,Harpic Classic Cleaning 93,Household,Harpic,1087.0,1372533.49,362,1398.7700000000011
PROD000006,Aashirvaad Value Atta 6,Grocery,Aashirvaad,739.0,256443.91000000003,243,380.04000000000053
PROD000488,Amul Fresh Cheese 488,Dairy,Amul,392.0,412773.28,130,1177.4300000000003
PROD000496,Red Bull Daily Energy Drinks 496,Beverages,Red Bull,473.0,675076.75,161,1582.6100000000006
PROD000744,Dove Special Shampoo 744,Personal Care,Dove,761.0,860582.1699999999,261,1249.8300000000013
PROD000571,Amul Natural Cheese 571,Dairy,Amul,855.0,1121260.7500000002,291,1445.720000000001
PROD000493,Fresho Natural Fresh Vegetables 493,Vegetables,Fresho,1100.0,1771089.45,364,1787.179999999996
PROD000026,Lays Fresh Chips 26,Snacks,Lays,299.0,208371.79,106,765.9300000000002
PROD000340,Surf Excel Original Laundry 340,Household,Surf Excel,166.0,141165.90000000002,60,940.6900000000004
PROD000052,Lux Premium Soap 52,Personal Care,Lux,346.0,42224.11,124,136.88000000000008
PROD000559,Parle Original Biscuits 559,Snacks,Parle,523.0,939556.2000000001,170,1993.6699999999987
PROD000433,Dove Original Shampoo 433,Personal Care,Dove,530.0,22112.260000000002,174,46.289999999999985
PROD000411,Fresho Fresh Fresh Vegetables 411,Vegetables,Fresho,322.0,148817.13,107,519.0599999999996
PROD000851,Mother Dairy Family Curd 851,Dairy,Mother Dairy,504.0,561223.2899999999,177,1237.900000000001
PROD000157,Fresho Value Fresh Vegetables 157,Vegetables,Fresho,889.0,563575.56,296,704.3600000000004
PROD000401,Dove Family Shampoo 401,Personal Care,Dove,523.0,747087.26,173,1586.309999999999
PROD000609,India Gate Special Rice 609,Grocery,India Gate,682.0,919692.72,222,1503.9499999999985
PROD000887,Coca-cola Special Soft Drinks 887,Beverages,Coca-cola,780.0,877181.46,263,1256.0
PROD000056,Harpic Original Cleaning 56,Household,Harpic,558.0,806390.97,177,1603.4700000000007
PROD000772,Red Bull Classic Energy Drinks 772,Beverages,Red Bull,141.0,219291.18000000002,49,1756.4599999999996
PROD000746,Lux Natural Soap 746,Personal Care,Lux,343.0,236360.44,107,760.19
PROD000077,Fortune Value Cooking Oil 77,Grocery,Fortune,705.0,826929.3400000001,238,1308.4100000000021
PROD000599,Surf Excel Special Laundry 599,Household,Surf Excel,546.0,53486.56,181,108.07999999999996
PROD000393,Lays Classic Chips 393,Snacks,Lays,168.0,154879.08000000002,56,1029.9599999999996
PROD000238,Aashirvaad Natural Atta 238,Grocery,Aashirvaad,670.0,276782.26999999996,225,458.9900000000005
PROD000039,Fresho Organic Fresh Vegetables 39,Vegetables,Fresho,834.0,473500.37,275,633.0800000000011
PROD000457,Haldiram Daily Namkeen 457,Snacks,Haldiram,513.0,523294.3600000001,183,1132.6900000000005
PROD000062,Monginis Special Cakes 62,Bakery,Monginis,133.0,22509.36,48,190.36999999999998
PROD000638,Red Bull Special Energy Drinks 638,Beverages,Red Bull,638.0,176419.99000000002,230,308.61000000000024
PROD000866,Mother Dairy Original Curd 866,Dairy,Mother Dairy,477.0,497130.48,169,1151.68
PROD000982,Surf Excel Premium Laundry 982,Household,Surf Excel,878.0,967770.28,291,1220.48
PROD000760,Amul Fresh Milk 760,Dairy,Amul,683.0,168760.66000000003,219,275.4400000000001
PROD000165,Harpic Natural Cleaning 165,Household,Harpic,343.0,274014.29,119,899.2599999999995
PROD000596,India Gate Natural Rice 596,Grocery,India Gate,699.0,128856.68,221,203.67000000000007
PROD000730,Fortune Natural Cooking Oil 730,Grocery,Fortune,132.0,166916.02000000002,45,1412.4
PROD000214,Lux Daily Soap 214,Personal Care,Lux,389.0,101707.11000000002,128,294.75
PROD000446,Aashirvaad Family Atta 446,Grocery,Aashirvaad,722.0,224819.27999999997,238,346.1100000000003
PROD000254,Fresho Family Fresh Fruits 254,Fruits,Fresho,797.0,1183411.6,267,1642.6100000000004
PROD000337,Aashirvaad Fresh Atta 337,Grocery,Aashirvaad,535.0,658384.85,180,1370.75
PROD000740,Haldiram Premium Namkeen 740,Snacks,Haldiram,479.0,575299.15,160,1336.9499999999991
PROD000485,Mother Dairy Family Curd 485,Dairy,Mother Dairy,527.0,693344.8,182,1471.5599999999993
PROD000947,Dove Natural Shampoo 947,Personal Care,Dove,695.0,1134245.8900000001,226,1809.8200000000024
PROD000691,Red Bull Daily Energy Drinks 691,Beverages,Red Bull,521.0,942894.8,170,1999.4400000000012
PROD000918,Haldiram Organic Namkeen 918,Snacks,Haldiram,128.0,178508.18,41,1563.6699999999998
PROD000478,Parle Fresh Biscuits 478,Snacks,Parle,330.0,76421.03,109,258.61999999999995
PROD000627,Mother Dairy Family Curd 627,Dairy,Mother Dairy,1115.0,625956.52,372,625.7799999999992
PROD000899,Haldiram Special Namkeen 899,Snacks,Haldiram,542.0,608855.53,176,1250.3700000000006
PROD000166,Real Daily Juice 166,Beverages,Real,918.0,558228.8599999999,305,676.8199999999997
PROD000483,Real Family Juice 483,Beverages,Real,689.0,255266.50999999998,226,410.54999999999956
PROD000987,Fresho Natural Fresh Vegetables 987,Vegetables,Fresho,261.0,432382.92,90,1843.31
PROD000084,Amul Family Cheese 84,Dairy,Amul,676.0,459266.37,219,755.06
PROD000376,Amul Daily Cheese 376,Dairy,Amul,525.0,538698.56,176,1150.730000000001
PROD000667,Real Fresh Juice 667,Beverages,Real,485.0,333238.47,163,764.7299999999997
PROD000212,Britannia Special Bread 212,Bakery,Britannia,617.0,896114.3400000001,204,1617.38
PROD000640,Dove Value Shampoo 640,Personal Care,Dove,787.0,1385307.0499999998,260,1952.0200000000007
PROD000480,Amul Fresh Milk 480,Dairy,Amul,532.0,558873.55,173,1162.4599999999994
PROD000552,Red Bull Value Energy Drinks 552,Beverages,Red Bull,369.0,161721.22999999998,106,484.4799999999997
PROD000565,Fortune Organic Cooking Oil 565,Grocery,Fortune,735.0,867371.6699999998,252,1313.9800000000002
PROD000937,Aashirvaad Special Atta 937,Grocery,Aashirvaad,682.0,1066225.6199999999,214,1736.1100000000001
PROD000856,Lux Natural Soap 856,Personal Care,Lux,274.0,174194.41,97,706.3799999999999
PROD000338,Britannia Special Bread 338,Bakery,Britannia,276.0,453151.89,93,1821.51
PROD000966,Fortune Classic Cooking Oil 966,Grocery,Fortune,635.0,1049008.7399999998,210,1838.8600000000001
PROD000394,Mother Dairy Value Curd 394,Dairy,Mother Dairy,650.0,716169.6399999999,220,1227.6799999999996
PROD000497,Lux Classic Soap 497,Personal Care,Lux,542.0,283739.55,183,584.3600000000004
PROD000771,Amul Classic Milk 771,Dairy,Amul,259.0,32184.54,90,137.13999999999993
PROD000908,Fortune Organic Cooking Oil 908,Grocery,Fortune,310.0,486676.04999999993,102,1725.9400000000003
PROD000507,Monginis Special Cakes 507,Bakery,Monginis,540.0,221051.45,170,453.8799999999999
PROD000665,Fresho Classic Fresh Vegetables 665,Vegetables,Fresho,729.0,708653.7400000001,245,1078.5700000000006
PROD000230,Fresho Premium Fresh Fruits 230,Fruits,Fresho,471.0,64255.39999999999,164,151.0900000000001
PROD000735,Lux Daily Soap 735,Personal Care,Lux,534.0,466506.12999999995,184,969.5199999999993
PROD000477,Surf Excel Value Laundry 477,Household,Surf Excel,527.0,888818.34,175,1881.6999999999982
PROD000028,Parle Daily Biscuits 28,Snacks,Parle,264.0,99120.45000000001,94,415.39000000000004
PROD000110,Aashirvaad Original Atta 110,Grocery,Aashirvaad,338.0,102109.68000000002,107,336.04000000000013
PROD000764,Dove Special Shampoo 764,Personal Care,Dove,688.0,807237.1000000001,232,1305.660000000002
PROD000135,Harpic Family Cleaning 135,Household,Harpic,979.0,779951.18,346,888.5399999999996
PROD000672,Lays Classic Chips 672,Snacks,Lays,699.0,313090.87999999995,232,496.29000000000065
PROD000766,Dove Value Shampoo 766,Personal Care,Dove,597.0,439141.66,201,819.4499999999998
PROD000183,Haldiram Special Namkeen 183,Snacks,Haldiram,937.0,571710.0099999999,317,676.3300000000013
PROD000404,Fresho Natural Fresh Fruits 404,Fruits,Fresho,902.0,371611.30999999994,308,459.1399999999996
PROD000075,India Gate Original Rice 75,Grocery,India Gate,581.0,940114.9700000001,181,1806.6699999999987
PROD000354,Fortune Fresh Cooking Oil 354,Grocery,Fortune,1110.0,486301.18999999994,375,485.74
PROD000700,Red Bull Premium Energy Drinks 700,Beverages,Red Bull,909.0,1260341.81,293,1547.6199999999985
PROD000383,Dove Organic Shampoo 383,Personal Care,Dove,1230.0,1708528.9100000004,407,1550.3999999999974
PROD000593,Britannia Daily Bread 593,Bakery,Britannia,807.0,1233196.4100000001,263,1698.2599999999984
PROD000901,Monginis Classic Cakes 901,Bakery,Monginis,186.0,144848.76,62,866.0499999999997
PROD000447,Fresho Value Fresh Vegetables 447,Vegetables,Fresho,538.0,545655.43,183,1121.0400000000006
PROD000702,Surf Excel Original Laundry 702,Household,Surf Excel,474.0,529325.63,161,1242.830000000001
PROD000878,Fresho Fresh Fresh Vegetables 878,Vegetables,Fresho,288.0,473367.4,93,1842.4800000000007
PROD000344,Harpic Special Cleaning 344,Household,Harpic,1017.0,189771.37,353,208.24
PROD000136,Dove Classic Shampoo 136,Personal Care,Dove,209.0,112963.99999999999,67,603.0200000000002
PROD000562,Aashirvaad Original Atta 562,Grocery,Aashirvaad,802.0,1264388.19,276,1740.5700000000031
PROD000096,Mother Dairy Value Curd 96,Dairy,Mother Dairy,702.0,1172214.55,235,1855.949999999998
PROD000249,Aashirvaad Special Atta 249,Grocery,Aashirvaad,1239.0,477773.8200000001,408,428.83999999999924
PROD000673,Dove Organic Shampoo 673,Personal Care,Dove,601.0,756368.6699999999,210,1394.1299999999997
PROD000202,Lays Family Chips 202,Snacks,Lays,150.0,250865.45,55,1880.8100000000004
PROD000607,Britannia Special Bread 607,Bakery,Britannia,181.0,65501.97,56,395.36
PROD000231,Amul Fresh Milk 231,Dairy,Amul,345.0,296674.62000000005,123,950.2299999999997
PROD000130,Amul Organic Milk 130,Dairy,Amul,349.0,213160.90999999997,118,677.06
PROD000127,Parle Classic Biscuits 127,Snacks,Parle,170.0,99167.68000000001,57,635.0799999999999
PROD000602,Amul Fresh Milk 602,Dairy,Amul,844.0,980471.6699999999,279,1281.8600000000001
PROD000864,Amul Original Milk 864,Dairy,Amul,509.0,718626.09,178,1556.050000000001
PROD000189,Fresho Special Fresh Vegetables 189,Vegetables,Fresho,286.0,177564.65000000002,96,694.5499999999997
PROD000281,Dove Family Shampoo 281,Personal Care,Dove,565.0,359313.91000000003,192,710.4500000000003
PROD000270,Parle Premium Biscuits 270,Snacks,Parle,910.0,701035.5300000001,311,852.5599999999991
PROD000951,Harpic Premium Cleaning 951,Household,Harpic,700.0,726429.4799999997,240,1148.75
PROD000554,Amul Daily Milk 554,Dairy,Amul,854.0,140008.5,280,182.51000000000016
PROD000366,Lays Organic Chips 366,Snacks,Lays,308.0,462999.39,106,1682.7099999999996
PROD000681,Amul Original Milk 681,Dairy,Amul,618.0,716966.5299999999,215,1296.0700000000004
PROD000595,Amul Fresh Milk 595,Dairy,Amul,899.0,622273.75,293,769.1399999999995
PROD000619,Real Premium Juice 619,Beverages,Real,528.0,260890.74,173,545.9900000000002
PROD000558,Lays Daily Chips 558,Snacks,Lays,485.0,307200.05999999994,161,705.4799999999997
PROD000606,Aashirvaad Original Atta 606,Grocery,Aashirvaad,167.0,42582.89,56,282.63000000000005
PROD000795,Amul Daily Milk 795,Dairy,Amul,998.0,1185160.88,337,1316.7100000000023
PROD000021,Parle Organic Biscuits 21,Snacks,Parle,327.0,570325.2700000001,110,1918.4599999999994
PROD000639,Aashirvaad Value Atta 639,Grocery,Aashirvaad,452.0,93500.37,155,226.9899999999999
PROD000091,Dove Family Shampoo 91,Personal Care,Dove,372.0,374782.56000000006,126,1110.6300000000006
PROD000650,Real Daily Juice 650,Beverages,Real,183.0,134395.27,57,814.0200000000002
PROD000448,Aashirvaad Daily Atta 448,Grocery,Aashirvaad,1049.0,1326899.1,340,1407.6900000000014
PROD000482,Haldiram Family Namkeen 482,Snacks,Haldiram,613.0,37568.72,195,67.96999999999994
PROD000180,Real Natural Juice 180,Beverages,Real,340.0,326754.56999999995,117,1073.7299999999998
PROD000236,India Gate Fresh Rice 236,Grocery,India Gate,410.0,508967.06000000006,135,1374.1399999999996
PROD000871,Real Special Juice 871,Beverages,Real,354.0,612356.1799999999,114,1928.2699999999986
PROD000961,Monginis Value Cakes 961,Bakery,Monginis,324.0,552718.6599999999,111,1892.2399999999996
PROD000059,Coca-cola Premium Soft Drinks 59,Beverages,Coca-cola,1356.0,206799.69999999998,446,169.5
PROD000121,Haldiram Value Namkeen 121,Snacks,Haldiram,537.0,389223.06999999995,186,805.2300000000001
PROD000647,Monginis Organic Cakes 647,Bakery,Monginis,868.0,17571.850000000006,288,22.599999999999977
PROD000784,Fortune Fresh Cooking Oil 784,Grocery,Fortune,540.0,357771.00000000006,176,732.4500000000004
PROD000637,Dove Fresh Shampoo 637,Personal Care,Dove,124.0,191797.15000000002,44,1750.9199999999998
PROD000632,Britannia Special Bread 632,Bakery,Britannia,383.0,187818.52000000002,118,544.9799999999998
PROD000271,Aashirvaad Value Atta 271,Grocery,Aashirvaad,131.0,113947.70000000001,46,965.8999999999999
PROD000742,Real Value Juice 742,Beverages,Real,490.0,460838.54999999993,170,1052.6399999999996
PROD000656,Surf Excel Daily Laundry 656,Household,Surf Excel,633.0,759529.06,227,1328.3200000000008
PROD000776,Fresho Premium Fresh Vegetables 776,Vegetables,Fresho,464.0,231181.52000000002,160,554.1500000000002
PROD000009,Fresho Natural Fresh Vegetables 9,Vegetables,Fresho,278.0,170034.65,94,673.7600000000002
PROD000088,Fresho Classic Fresh Vegetables 88,Vegetables,Fresho,306.0,458784.87,104,1678.410000000001
PROD000796,Surf Excel Value Laundry 796,Household,Surf Excel,544.0,89588.7,183,181.73999999999987
PROD000310,Fresho Daily Fresh Fruits 310,Fruits,Fresho,598.0,769800.3700000001,191,1433.0
PROD000813,Surf Excel Daily Laundry 813,Household,Surf Excel,282.0,211218.13,92,834.85
PROD000933,Harpic Family Cleaning 933,Household,Harpic,841.0,435285.35,279,576.9199999999989
PROD000755,Britannia Natural Bread 755,Bakery,Britannia,92.0,149362.88,34,1762.9400000000003
PROD000877,India Gate Natural Rice 877,Grocery,India Gate,537.0,284584.80999999994,179,586.1800000000002
PROD000743,Haldiram Daily Namkeen 743,Snacks,Haldiram,856.0,472136.18000000005,302,611.8199999999998
PROD000387,India Gate Natural Rice 387,Grocery,India Gate,710.0,1254557.1899999995,238,1955.970000000001
PROD000875,Harpic Organic Cleaning 875,Household,Harpic,528.0,312214.87999999995,165,657.1100000000004
PROD000557,Fortune Family Cooking Oil 557,Grocery,Fortune,769.0,736031.99,262,1059.3200000000004
PROD000601,Fortune Original Cooking Oil 601,Grocery,Fortune,676.0,1036362.53,217,1713.5899999999979
PROD000012,Fresho Family Fresh Fruits 12,Fruits,Fresho,726.0,650959.41,240,999.9599999999995
PROD000215,India Gate Premium Rice 215,Grocery,India Gate,453.0,592689.41,156,1443.0800000000013
PROD000736,Fortune Daily Cooking Oil 736,Grocery,Fortune,613.0,252834.99,212,456.7000000000005
PROD000555,Real Family Juice 555,Beverages,Real,123.0,63380.16,40,571.8
PROD000286,Fresho Fresh Fresh Vegetables 286,Vegetables,Fresho,605.0,396792.11999999994,199,734.1600000000004
PROD000929,Coca-cola Special Soft Drinks 929,Beverages,Coca-cola,529.0,657361.7000000001,169,1372.1999999999991
PROD000266,Amul Organic Milk 266,Dairy,Amul,507.0,726167.7699999999,159,1595.3600000000004
PROD000047,India Gate Natural Rice 47,Grocery,India Gate,995.0,1165449.02,329,1303.6100000000004
PROD000048,Fresho Natural Fresh Fruits 48,Fruits,Fresho,878.0,184076.09,291,233.14999999999984
PROD000985,Lux Classic Soap 985,Personal Care,Lux,505.0,245811.25,165,536.7200000000001
PROD000251,Amul Family Milk 251,Dairy,Amul,178.0,255365.11,55,1579.93
PROD000323,Aashirvaad Fresh Atta 323,Grocery,Aashirvaad,201.0,149019.84000000003,64,819.5100000000001
PROD000981,Britannia Organic Bread 981,Bakery,Britannia,691.0,267810.91000000003,226,432.95000000000044
PROD000090,Monginis Fresh Cakes 90,Bakery,Monginis,364.0,220411.37,120,681.5
PROD000998,Real Family Juice 998,Beverages,Real,923.0,919786.4499999997,304,1106.5
PROD000185,Dove Classic Shampoo 185,Personal Care,Dove,747.0,452097.2,237,672.5099999999999
PROD000228,Haldiram Natural Namkeen 228,Snacks,Haldiram,846.0,1177289.9600000002,284,1550.970000000001
PROD000869,Fresho Organic Fresh Fruits 869,Fruits,Fresho,329.0,231250.80000000002,113,781.7900000000005
PROD000037,Lux Fresh Soap 37,Personal Care,Lux,646.0,523334.27,205,896.8099999999996
PROD000949,Red Bull Classic Energy Drinks 949,Beverages,Red Bull,697.0,718658.28,230,1147.1200000000006
PROD000203,Coca-cola Family Soft Drinks 203,Beverages,Coca-cola,662.0,454760.8599999999,203,767.4599999999995
PROD000838,Haldiram Fresh Namkeen 838,Snacks,Haldiram,541.0,199338.67,177,413.44000000000005
PROD000872,Fortune Original Cooking Oil 872,Grocery,Fortune,784.0,1211649.9900000002,268,1739.3000000000018
PROD000473,Surf Excel Family Laundry 473,Household,Surf Excel,991.0,1118075.4900000002,329,1256.529999999999
PROD000017,Haldiram Family Namkeen 17,Snacks,Haldiram,677.0,1147614.73,228,1875.9400000000014
PROD000159,Amul Classic Milk 159,Dairy,Amul,183.0,126753.70999999999,59,779.5699999999998
PROD000897,India Gate Value Rice 897,Grocery,India Gate,179.0,182183.07,63,1111.3500000000001
PROD000538,Fresho Family Fresh Fruits 538,Fruits,Fresho,760.0,686501.44,256,998.8200000000003
PROD000192,Amul Natural Milk 192,Dairy,Amul,644.0,838302.84,223,1454.190000000001
PROD000709,Monginis Value Cakes 709,Bakery,Monginis,523.0,134351.06999999998,182,284.27000000000027
PROD000418,Amul Organic Milk 418,Dairy,Amul,356.0,366536.60000000003,109,1147.8600000000001
PROD000900,Lays Family Chips 900,Snacks,Lays,497.0,641505.05,164,1435.9899999999996
PROD000991,Fortune Natural Cooking Oil 991,Grocery,Fortune,157.0,61305.579999999994,54,432.6000000000001
PROD000967,Fortune Daily Cooking Oil 967,Grocery,Fortune,821.0,279506.74,274,381.5299999999997
PROD000168,Monginis Special Cakes 168,Bakery,Monginis,454.0,692095.97,148,1685.8499999999992
PROD000563,Parle Organic Biscuits 563,Snacks,Parle,283.0,430614.81999999995,98,1686.7400000000005
PROD000015,India Gate Fresh Rice 15,Grocery,India Gate,933.0,726389.96,302,860.9899999999998
PROD000505,Real Organic Juice 505,Beverages,Real,1106.0,1811772.5000000002,349,1818.9100000000026
PROD000363,Lux Family Soap 363,Personal Care,Lux,173.0,285762.7,50,1823.7400000000007
PROD000994,Dove Family Shampoo 994,Personal Care,Dove,559.0,161176.91999999998,188,321.75
PROD000361,Aashirvaad Original Atta 361,Grocery,Aashirvaad,497.0,11052.640000000001,174,24.509999999999994
PROD000761,Mother Dairy Classic Curd 761,Dairy,Mother Dairy,174.0,199516.66000000003,56,1287.2099999999996
PROD000242,Coca-cola Value Soft Drinks 242,Beverages,Coca-cola,281.0,175881.94999999998,95,688.6800000000002
PROD000087,Fortune Value Cooking Oil 87,Grocery,Fortune,479.0,602098.9,161,1402.6999999999991
PROD000218,Red Bull Natural Energy Drinks 218,Beverages,Red Bull,169.0,30914.82,55,201.53000000000006
PROD000517,Amul Value Milk 517,Dairy,Amul,149.0,216304.55,55,1632.83
PROD000572,Coca-cola Natural Soft Drinks 572,Beverages,Coca-cola,372.0,76564.37,124,228.38000000000008
PROD000999,Aashirvaad Natural Atta 999,Grocery,Aashirvaad,708.0,308904.11000000004,232,484.93000000000023
PROD000828,Dove Premium Shampoo 828,Personal Care,Dove,729.0,982930.6699999999,234,1506.9499999999982
PROD000309,Surf Excel Family Laundry 309,Household,Surf Excel,348.0,214274.36000000002,120,685.1500000000001
PROD000979,Fortune Value Cooking Oil 979,Grocery,Fortune,305.0,172960.38,101,632.99
PROD000862,Monginis Special Cakes 862,Bakery,Monginis,864.0,584156.58,295,754.1800000000002
PROD000384,Haldiram Natural Namkeen 384,Snacks,Haldiram,694.0,1143314.67,228,1832.210000000002
PROD000703,Mother Dairy Daily Curd 703,Dairy,Mother Dairy,528.0,525209.89,174,1100.93
PROD000590,Coca-cola Daily Soft Drinks 590,Beverages,Coca-cola,478.0,56976.67,160,132.7299999999999
PROD000226,Fresho Natural Fresh Vegetables 226,Vegetables,Fresho,440.0,60524.47,139,153.89999999999995
PROD000177,Fresho Classic Fresh Vegetables 177,Vegetables,Fresho,522.0,694029.67,171,1474.93
PROD000689,Britannia Fresh Bread 689,Bakery,Britannia,963.0,762235.4999999999,305,876.4499999999989
PROD000848,Parle Original Biscuits 848,Snacks,Parle,991.0,1654714.9600000004,333,1846.9900000000005
PROD000365,Monginis Family Cakes 365,Bakery,Monginis,183.0,37665.96,63,228.17999999999995
PROD000367,Dove Premium Shampoo 367,Personal Care,Dove,689.0,779585.6500000001,215,1261.809999999999
PROD000972,Monginis Classic Cakes 972,Bakery,Monginis,632.0,349279.22,208,616.2200000000005
PROD000751,Lux Organic Soap 751,Personal Care,Lux,746.0,1269606.75,257,1897.8999999999976
PROD000003,Fortune Original Cooking Oil 3,Grocery,Fortune,135.0,206135.19,47,1707.53
PROD000155,India Gate Family Rice 155,Grocery,India Gate,192.0,189252.5,58,1093.26
PROD000147,Surf Excel Value Laundry 147,Household,Surf Excel,290.0,31050.130000000005,98,119.17999999999999
PROD000711,Surf Excel Special Laundry 711,Household,Surf Excel,340.0,462767.66000000003,121,1512.5299999999995
PROD000832,Fortune Organic Cooking Oil 832,Grocery,Fortune,538.0,359293.16000000003,176,739.2200000000004
PROD000099,India Gate Family Rice 99,Grocery,India Gate,326.0,398576.0099999999,112,1355.6399999999996
PROD000679,Haldiram Classic Namkeen 679,Snacks,Haldiram,574.0,172497.8,185,337.0400000000004
PROD000891,India Gate Fresh Rice 891,Grocery,India Gate,531.0,438359.52999999997,176,912.8000000000001
PROD000957,Surf Excel Special Laundry 957,Household,Surf Excel,320.0,188312.01,112,652.26
PROD000423,Red Bull Family Energy Drinks 423,Beverages,Red Bull,1247.0,1661815.9899999998,428,1473.8999999999971
PROD000227,Fresho Value Fresh Fruits 227,Fruits,Fresho,1030.0,1580355.0100000002,356,1704.2699999999998
PROD000923,Parle Daily Biscuits 923,Snacks,Parle,395.0,247504.78999999998,136,693.2700000000003
PROD000560,Red Bull Special Energy Drinks 560,Beverages,Red Bull,497.0,421305.87,161,939.6399999999995
PROD000879,Fresho Fresh Fresh Vegetables 879,Vegetables,Fresho,668.0,296256.91000000003,228,492.25
PROD000539,Dove Value Shampoo 539,Personal Care,Dove,672.0,39435.22,231,65.26000000000009
PROD000511,Britannia Original Bread 511,Bakery,Britannia,154.0,154549.21,49,1117.7999999999997
PROD000514,Mother Dairy Natural Curd 514,Dairy,Mother Dairy,326.0,391655.05000000005,117,1341.099999999999
PROD000995,Dove Special Shampoo 995,Personal Care,Dove,541.0,15524.359999999999,171,31.94000000000003
PROD000033,Lays Fresh Chips 33,Snacks,Lays,518.0,574713.88,170,1235.5599999999995
PROD000980,Britannia Organic Bread 980,Bakery,Britannia,790.0,715622.04,254,1003.4499999999989
PROD000962,Amul Daily Cheese 962,Dairy,Amul,372.0,235251.61,116,703.7999999999996
PROD000895,Red Bull Natural Energy Drinks 895,Beverages,Red Bull,207.0,119494.64000000001,64,639.3999999999999
PROD000106,Fresho Natural Fresh Fruits 106,Fruits,Fresho,266.0,266453.05,91,1127.77
PROD000936,Monginis Original Cakes 936,Bakery,Monginis,652.0,360215.52,219,616.8899999999996
PROD000263,Real Original Juice 263,Beverages,Real,469.0,618021.2700000001,163,1458.269999999999
PROD000487,Fresho Organic Fresh Fruits 487,Fruits,Fresho,362.0,62370.5,120,189.47999999999988
PROD000992,Coca-cola Fresh Soft Drinks 992,Beverages,Coca-cola,481.0,364062.44,153,846.6299999999999
PROD000823,Real Value Juice 823,Beverages,Real,797.0,959791.7400000001,276,1341.9600000000016
PROD000708,Dove Natural Shampoo 708,Personal Care,Dove,169.0,25636.71,61,169.94
PROD000296,Surf Excel Value Laundry 296,Household,Surf Excel,274.0,415247.33999999997,97,1691.1800000000003
PROD000528,Amul Family Milk 528,Dairy,Amul,1023.0,1530576.0999999999,335,1658.7599999999986
PROD000349,Monginis Fresh Cakes 349,Bakery,Monginis,871.0,944634.1499999998,295,1206.6799999999982
PROD000395,Parle Natural Biscuits 395,Snacks,Parle,600.0,729923.33,200,1335.8200000000004
PROD000453,Surf Excel Organic Laundry 453,Household,Surf Excel,346.0,176585.49000000002,107,571.1499999999997
PROD000273,Coca-cola Original Soft Drinks 273,Beverages,Coca-cola,659.0,482247.06000000006,228,813.9000000000008
PROD000145,Surf Excel Fresh Laundry 145,Household,Surf Excel,789.0,111661.56,259,157.5
PROD000072,Dove Value Shampoo 72,Personal Care,Dove,561.0,485770.04000000004,185,968.25
PROD000491,Fresho Original Fresh Vegetables 491,Vegetables,Fresho,746.0,1303082.04,257,1941.4100000000028
PROD000449,Surf Excel Organic Laundry 449,Household,Surf Excel,526.0,493313.25000000006,178,1048.339999999999
PROD000946,Fortune Family Cooking Oil 946,Grocery,Fortune,164.0,285887.63,53,1936.2599999999995
PROD000973,Fortune Classic Cooking Oil 973,Grocery,Fortune,368.0,479438.7099999999,128,1457.9899999999998
PROD000163,Haldiram Premium Namkeen 163,Snacks,Haldiram,670.0,636051.76,225,1048.419999999999
PROD000693,Aashirvaad Classic Atta 693,Grocery,Aashirvaad,704.0,876664.7,241,1374.6300000000003
PROD000060,Haldiram Special Namkeen 60,Snacks,Haldiram,541.0,947383.74,178,1937.1100000000004
PROD000275,Real Fresh Juice 275,Beverages,Real,503.0,596055.37,169,1311.519999999999
PROD000685,Lays Fresh Chips 685,Snacks,Lays,697.0,43747.57,226,70.02000000000001
PROD000239,Monginis Original Cakes 239,Bakery,Monginis,354.0,144895.68,114,458.87000000000035
PROD000278,Coca-cola Classic Soft Drinks 278,Beverages,Coca-cola,467.0,654369.46,158,1554.6600000000017
PROD000167,Parle Special Biscuits 167,Snacks,Parle,502.0,222032.61999999994,166,487.90999999999997
PROD000646,Haldiram Premium Namkeen 646,Snacks,Haldiram,284.0,97390.76000000001,88,384.58
PROD000316,Mother Dairy Family Curd 316,Dairy,Mother Dairy,408.0,240479.81,126,656.2400000000001
PROD000773,Aashirvaad Special Atta 773,Grocery,Aashirvaad,340.0,353305.39,119,1150.77
PROD000055,Haldiram Fresh Namkeen 55,Snacks,Haldiram,608.0,314155.9199999999,195,570.8600000000004
PROD000439,Mother Dairy Value Curd 439,Dairy,Mother Dairy,378.0,331326.07,127,972.1300000000003
PROD000518,Amul Natural Milk 518,Dairy,Amul,342.0,559009.12,117,1817.5
PROD000160,Mother Dairy Fresh Curd 160,Dairy,Mother Dairy,668.0,923476.73,230,1541.0399999999988
PROD000223,Aashirvaad Classic Atta 223,Grocery,Aashirvaad,788.0,777902.73,273,1098.1799999999992
PROD000475,Lux Original Soap 475,Personal Care,Lux,541.0,223581.97000000003,170,459.2700000000004
PROD000719,Haldiram Special Namkeen 719,Snacks,Haldiram,159.0,38299.0,50,266.96
PROD000831,Lays Special Chips 831,Snacks,Lays,648.0,203144.12,213,345.9300000000001
PROD000629,Britannia Special Bread 629,Bakery,Britannia,167.0,197421.01,54,1312.6699999999998
PROD000960,Britannia Daily Bread 960,Bakery,Britannia,499.0,680609.58,161,1499.419999999999
PROD000997,Amul Special Milk 997,Dairy,Amul,534.0,573264.5099999999,183,1182.1299999999997
PROD000454,Haldiram Daily Namkeen 454,Snacks,Haldiram,650.0,656138.59,208,1122.6600000000014
PROD000515,Fresho Organic Fresh Fruits 515,Fruits,Fresho,373.0,85530.3,119,254.17000000000002
PROD000874,Lux Premium Soap 874,Personal Care,Lux,148.0,45373.369999999995,46,337.98999999999995
PROD000143,Surf Excel Premium Laundry 143,Household,Surf Excel,297.0,512365.95000000007,104,1916.5400000000004
PROD000204,Dove Family Shampoo 204,Personal Care,Dove,547.0,55267.34999999999,186,111.88000000000007
PROD000724,Parle Original Biscuits 724,Snacks,Parle,492.0,529257.52,166,1203.49
PROD000438,Aashirvaad Classic Atta 438,Grocery,Aashirvaad,559.0,676606.16,184,1343.3700000000008
PROD000893,Parle Special Biscuits 893,Snacks,Parle,163.0,176369.15999999997,52,1195.82
PROD000276,Aashirvaad Original Atta 276,Grocery,Aashirvaad,734.0,648958.76,242,981.1699999999986
PROD000498,Parle Value Biscuits 498,Snacks,Parle,383.0,326718.94,130,947.9300000000001
PROD000939,Lays Family Chips 939,Snacks,Lays,344.0,114729.81999999999,111,366.5699999999999
PROD000718,Fortune Original Cooking Oil 718,Grocery,Fortune,673.0,966819.9400000002,223,1597.5599999999988
PROD000824,Aashirvaad Daily Atta 824,Grocery,Aashirvaad,269.0,260897.48,86,1071.3100000000002
PROD000544,Surf Excel Value Laundry 544,Household,Surf Excel,227.0,296070.36,72,1449.4500000000007
PROD000071,Britannia Premium Bread 71,Bakery,Britannia,130.0,117636.61,47,1016.41
PROD000256,Monginis Organic Cakes 256,Bakery,Monginis,142.0,170178.65999999997,48,1338.4199999999998
PROD000624,Lays Fresh Chips 624,Snacks,Lays,556.0,947964.8300000001,180,1894.77
PROD000610,Parle Daily Biscuits 610,Snacks,Parle,347.0,453239.2,113,1467.4300000000003
PROD000318,Haldiram Special Namkeen 318,Snacks,Haldiram,517.0,454347.9199999999,178,969.0999999999992
PROD000044,Coca-cola Fresh Soft Drinks 44,Beverages,Coca-cola,676.0,1022476.6000000001,220,1686.3699999999992
PROD000373,Coca-cola Family Soft Drinks 373,Beverages,Coca-cola,864.0,995396.8700000001,306,1280.7599999999989
PROD000182,Real Daily Juice 182,Beverages,Real,856.0,1190518.0099999995,293,1532.8000000000018
PROD000054,Coca-cola Special Soft Drinks 54,Beverages,Coca-cola,460.0,256093.06,159,622.2400000000004
PROD000802,Aashirvaad Organic Atta 802,Grocery,Aashirvaad,489.0,215342.71999999997,160,485.9300000000002
PROD000298,Fortune Premium Cooking Oil 298,Grocery,Fortune,391.0,168947.01000000004,128,477.5
PROD000359,Surf Excel Classic Laundry 359,Household,Surf Excel,511.0,319520.0,173,698.6100000000002
PROD000280,Haldiram Classic Namkeen 280,Snacks,Haldiram,729.0,187112.55,244,287.4799999999997
PROD000954,Fresho Fresh Fresh Fruits 954,Fruits,Fresho,619.0,341955.01,198,610.75
PROD000186,Fresho Premium Fresh Vegetables 186,Vegetables,Fresho,495.0,719003.3599999999,184,1607.0500000000013
PROD000604,Aashirvaad Value Atta 604,Grocery,Aashirvaad,511.0,750892.8800000001,166,1648.4299999999994
PROD000414,Fortune Original Cooking Oil 414,Grocery,Fortune,859.0,1104948.8200000003,276,1430.3800000000008
PROD000262,Aashirvaad Special Atta 262,Grocery,Aashirvaad,539.0,639973.9299999999,184,1328.080000000001
PROD000260,Fortune Family Cooking Oil 260,Grocery,Fortune,171.0,263950.2,60,1714.7200000000003
PROD000902,India Gate Classic Rice 902,Grocery,India Gate,605.0,1033433.15,197,1911.1900000000012
PROD000989,Fresho Natural Fresh Fruits 989,Fruits,Fresho,497.0,285713.38,173,636.9900000000006
PROD000915,Coca-cola Family Soft Drinks 915,Beverages,Coca-cola,505.0,857871.26,167,1904.7100000000005
PROD000086,Fresho Fresh Fresh Fruits 86,Fruits,Fresho,136.0,87480.91999999998,49,709.0699999999998
PROD000717,Fresho Organic Fresh Vegetables 717,Vegetables,Fresho,566.0,612841.92,181,1197.1100000000006
PROD000792,Aashirvaad Natural Atta 792,Grocery,Aashirvaad,344.0,463238.91000000003,119,1505.7099999999994
PROD000470,Coca-cola Classic Soft Drinks 470,Beverages,Coca-cola,105.0,104803.23,36,1093.43
PROD000853,Fresho Classic Fresh Fruits 853,Fruits,Fresho,634.0,979252.7699999998,221,1717.720000000001
PROD000173,Dove Premium Shampoo 173,Personal Care,Dove,330.0,368303.2500000001,106,1236.5299999999997
PROD000653,Fresho Daily Fresh Vegetables 653,Vegetables,Fresho,128.0,152890.5,49,1316.74
PROD000608,Britannia Value Bread 608,Bakery,Britannia,490.0,107328.41,165,243.35000000000016
PROD000274,Fresho Family Fresh Vegetables 274,Vegetables,Fresho,523.0,514339.58,174,1094.8799999999997
PROD000603,Amul Daily Milk 603,Dairy,Amul,481.0,621327.6,161,1435.080000000001
PROD000207,Aashirvaad Value Atta 207,Grocery,Aashirvaad,179.0,64073.66000000001,55,404.6599999999999
PROD000729,Fresho Natural Fresh Fruits 729,Fruits,Fresho,121.0,201301.77,41,1861.7999999999997
PROD000892,Amul Organic Cheese 892,Dairy,Amul,864.0,759102.6900000001,285,978.0999999999998
PROD000193,Mother Dairy Classic Curd 193,Dairy,Mother Dairy,274.0,177538.03999999998,92,725.9099999999999
PROD000138,Fresho Special Fresh Fruits 138,Fruits,Fresho,653.0,591434.5899999999,222,1004.8899999999995
PROD000695,Mother Dairy Value Curd 695,Dairy,Mother Dairy,811.0,307834.11,257,423.84000000000015
PROD000894,Mother Dairy Special Curd 894,Dairy,Mother Dairy,208.0,293139.72,68,1563.1500000000003
PROD000293,India Gate Premium Rice 293,Grocery,India Gate,350.0,542163.32,110,1719.599999999999
PROD000040,Britannia Value Bread 40,Bakery,Britannia,393.0,217850.89999999997,121,616.7099999999996
PROD000820,Fortune Original Cooking Oil 820,Grocery,Fortune,675.0,820812.35,230,1353.419999999999
PROD000043,Haldiram Special Namkeen 43,Snacks,Haldiram,662.0,1085113.9,202,1813.3800000000006
PROD000222,Monginis Family Cakes 222,Bakery,Monginis,120.0,73899.85,38,680.75
PROD000441,Aashirvaad Organic Atta 441,Grocery,Aashirvaad,1180.0,1054659.28,396,993.7400000000013
PROD000322,Britannia Daily Bread 322,Bakery,Britannia,501.0,490183.74999999994,167,1090.7099999999994
PROD000758,Monginis Special Cakes 758,Bakery,Monginis,452.0,197744.29,157,479.31000000000006
PROD000767,India Gate Natural Rice 767,Grocery,India Gate,517.0,301073.25,175,648.4900000000005
PROD000847,Fresho Premium Fresh Vegetables 847,Vegetables,Fresho,300.0,530570.49,104,1938.7900000000009
PROD000778,Surf Excel Organic Laundry 778,Household,Surf Excel,655.0,963441.35,211,1630.6100000000004
PROD000082,Red Bull Classic Energy Drinks 82,Beverages,Red Bull,183.0,189036.91,61,1155.2400000000002
PROD000011,Red Bull Special Energy Drinks 11,Beverages,Red Bull,593.0,724583.8400000001,202,1350.3300000000013
PROD000912,Haldiram Classic Namkeen 912,Snacks,Haldiram,587.0,323018.26,195,612.0900000000001
PROD000768,Fortune Family Cooking Oil 768,Grocery,Fortune,331.0,158358.61,110,530.7999999999998
PROD000988,Surf Excel Organic Laundry 988,Household,Surf Excel,1251.0,2073118.6499999997,424,1838.6600000000026
PROD000501,Lux Daily Soap 501,Personal Care,Lux,807.0,1108672.9200000002,264,1531.5599999999986
PROD000840,Lays Daily Chips 840,Snacks,Lays,349.0,381467.2799999999,119,1213.5299999999995
PROD000775,Red Bull Premium Energy Drinks 775,Beverages,Red Bull,504.0,548876.9600000001,167,1211.2900000000006
PROD000115,Fresho Classic Fresh Fruits 115,Fruits,Fresho,559.0,522780.80000000005,192,1041.019999999999
PROD000641,Red Bull Organic Energy Drinks 641,Beverages,Red Bull,541.0,44441.93,177,91.17999999999998
PROD000451,Coca-cola Original Soft Drinks 451,Beverages,Coca-cola,373.0,426874.75,125,1270.4100000000008
PROD000687,Monginis Original Cakes 687,Bakery,Monginis,125.0,139271.78999999998,48,1210.2700000000002
PROD000036,Red Bull Daily Energy Drinks 36,Beverages,Red Bull,986.0,874972.3299999998,334,982.3300000000013
PROD000489,Dove Original Shampoo 489,Personal Care,Dove,639.0,608564.1099999999,215,1057.6200000000008
PROD000612,Real Value Juice 612,Beverages,Real,1226.0,377360.32999999996,387,342.3800000000002
PROD000125,Monginis Premium Cakes 125,Bakery,Monginis,166.0,65590.61,55,437.6300000000001
PROD000386,Fresho Family Fresh Vegetables 386,Vegetables,Fresho,848.0,834132.0700000001,277,1095.0399999999997
PROD000377,Lays Family Chips 377,Snacks,Lays,480.0,61705.95,168,141.85999999999996
PROD000101,Harpic Value Cleaning 101,Household,Harpic,531.0,550360.64,171,1145.589999999999
PROD000556,Britannia Premium Bread 556,Bakery,Britannia,326.0,304291.85000000003,109,1042.2099999999994
PROD000153,Haldiram Natural Namkeen 153,Snacks,Haldiram,269.0,146507.74,92,610.09
PROD000909,Amul Original Cheese 909,Dairy,Amul,182.0,142185.7,61,861.58
PROD000916,Parle Organic Biscuits 916,Snacks,Parle,802.0,250273.08000000002,271,346.90999999999997
PROD000120,Harpic Family Cleaning 120,Household,Harpic,451.0,569323.1399999999,162,1410.7900000000009
PROD000068,Britannia Original Bread 68,Bakery,Britannia,681.0,557989.01,231,912.1200000000009
PROD000007,Mother Dairy Premium Curd 7,Dairy,Mother Dairy,392.0,591933.27,128,1681.4100000000014
PROD000935,Surf Excel Classic Laundry 935,Household,Surf Excel,620.0,955873.66,216,1715.5899999999979
PROD000516,Dove Premium Shampoo 516,Personal Care,Dove,935.0,73688.13,309,86.8999999999999
PROD000463,Mother Dairy Premium Curd 463,Dairy,Mother Dairy,334.0,163036.53,112,545.2900000000003
PROD000696,Fortune Family Cooking Oil 696,Grocery,Fortune,786.0,1270693.5799999998,258,1789.5599999999986
PROD000922,India Gate Natural Rice 922,Grocery,India Gate,326.0,336476.33999999997,107,1143.8100000000002
PROD000291,Parle Premium Biscuits 291,Snacks,Parle,477.0,576896.1,167,1358.400000000001
PROD000843,Monginis Classic Cakes 843,Bakery,Monginis,677.0,672302.26,226,1112.3600000000004
PROD000150,India Gate Fresh Rice 150,Grocery,India Gate,290.0,141583.77,101,549.5499999999998
PROD000833,Red Bull Classic Energy Drinks 833,Beverages,Red Bull,148.0,32941.39,54,245.61999999999992
PROD000123,Mother Dairy Organic Curd 123,Dairy,Mother Dairy,478.0,406285.74,164,939.3899999999996
PROD000378,Dove Daily Shampoo 378,Personal Care,Dove,465.0,277361.0,157,661.3600000000004
PROD000424,Amul Value Cheese 424,Dairy,Amul,540.0,249575.73000000004,183,515.0299999999997
PROD000474,Red Bull Original Energy Drinks 474,Beverages,Red Bull,167.0,83037.43000000001,59,547.59
PROD000265,Real Family Juice 265,Beverages,Real,593.0,58806.98000000001,201,110.47
PROD000461,Haldiram Value Namkeen 461,Snacks,Haldiram,531.0,233391.68999999997,174,491.3499999999998
PROD000541,Lays Premium Chips 541,Snacks,Lays,156.0,224409.41,49,1604.1399999999996
PROD000757,Haldiram Natural Namkeen 757,Snacks,Haldiram,184.0,211472.07,67,1278.9599999999996
PROD000732,Britannia Fresh Bread 732,Bakery,Britannia,897.0,683443.8600000001,290,852.8399999999986
PROD000968,Coca-cola Special Soft Drinks 968,Beverages,Coca-cola,823.0,1257464.4500000002,277,1692.2899999999977
PROD000381,Parle Natural Biscuits 381,Snacks,Parle,1126.0,93294.38,372,91.89000000000013
PROD000172,Lays Special Chips 172,Snacks,Lays,514.0,410714.99,171,890.1200000000001
PROD000927,Lays Natural Chips 927,Snacks,Lays,867.0,694520.4499999997,280,896.0999999999993
PROD000812,Real Classic Juice 812,Beverages,Real,1228.0,1954309.93,431,1773.3099999999984
PROD000662,Fortune Original Cooking Oil 662,Grocery,Fortune,571.0,375250.39999999997,184,731.2700000000003
PROD000944,Amul Classic Cheese 944,Dairy,Amul,373.0,310839.24,117,929.8899999999998
PROD000032,India Gate Special Rice 32,Grocery,India Gate,926.0,1020713.3199999997,324,1227.9100000000021
PROD000459,Fresho Special Fresh Vegetables 459,Vegetables,Fresho,313.0,268096.26999999996,112,940.4900000000004
PROD000343,Dove Premium Shampoo 343,Personal Care,Dove,286.0,62143.520000000004,101,244.48999999999984
PROD000928,Real Premium Juice 928,Beverages,Real,854.0,1383682.7100000002,288,1794.5899999999976
PROD000109,Real Natural Juice 109,Beverages,Real,168.0,115183.68,59,757.2800000000001
PROD000798,Amul Classic Milk 798,Dairy,Amul,675.0,209841.43,234,346.0600000000002
PROD000585,Mother Dairy Natural Curd 585,Dairy,Mother Dairy,919.0,1625764.7900000003,298,1954.4400000000016
PROD000221,India Gate Original Rice 221,Grocery,India Gate,206.0,256924.17999999996,68,1399.6699999999996
PROD000334,Britannia Family Bread 334,Bakery,Britannia,634.0,160090.97999999995,209,281.53000000000014
PROD000089,Red Bull Special Energy Drinks 89,Beverages,Red Bull,342.0,548459.1600000001,114,1794.5899999999988
PROD000211,Monginis Family Cakes 211,Bakery,Monginis,671.0,1045405.6399999999,222,1714.3399999999979
PROD000600,Fortune Original Cooking Oil 600,Grocery,Fortune,909.0,537606.5900000001,309,654.8300000000012
PROD000246,Amul Organic Cheese 246,Dairy,Amul,665.0,1027981.98,222,1725.5800000000013
PROD000455,Fresho Daily Fresh Vegetables 455,Vegetables,Fresho,674.0,976483.8699999999,220,1612.6000000000008
PROD000264,Britannia Fresh Bread 264,Bakery,Britannia,498.0,688615.0100000001,157,1540.9400000000007
PROD000194,Red Bull Value Energy Drinks 194,Beverages,Red Bull,323.0,111468.96,103,380.7399999999999
PROD000545,Mother Dairy Family Curd 545,Dairy,Mother Dairy,457.0,398594.3,150,974.669999999999
PROD000663,Surf Excel Fresh Laundry 663,Household,Surf Excel,1112.0,150130.55,362,150.32999999999993
PROD000956,Aashirvaad Fresh Atta 956,Grocery,Aashirvaad,687.0,631750.04,225,1017.8799999999991
PROD000434,Real Organic Juice 434,Beverages,Real,798.0,114662.82,277,158.48999999999984
PROD000049,India Gate Fresh Rice 49,Grocery,India Gate,172.0,133215.86000000002,56,864.0200000000003
PROD000419,Real Daily Juice 419,Beverages,Real,339.0,402349.2100000001,116,1300.7599999999995
PROD000129,Parle Daily Biscuits 129,Snacks,Parle,499.0,691574.5700000001,180,1559.470000000001
PROD000046,Mother Dairy Natural Curd 46,Dairy,Mother Dairy,123.0,84115.31,45,764.5699999999998
PROD000801,Harpic Special Cleaning 801,Household,Harpic,215.0,60736.11,72,315.14000000000004
PROD000578,Lux Family Soap 578,Personal Care,Lux,723.0,1172562.06,235,1797.9400000000014
PROD000234,Real Premium Juice 234,Beverages,Real,720.0,1291996.09,240,1992.8600000000004
PROD000752,Haldiram Premium Namkeen 752,Snacks,Haldiram,433.0,43785.75,146,112.94999999999993
PROD000886,Lays Daily Chips 886,Snacks,Lays,744.0,590300.0900000001,242,886.0199999999991
PROD000786,Amul Special Cheese 786,Dairy,Amul,122.0,43351.869999999995,38,398.48999999999995
PROD000668,Monginis Daily Cakes 668,Bakery,Monginis,481.0,380575.43,154,873.5299999999996
PROD000500,Britannia Special Bread 500,Bakery,Britannia,263.0,396456.41,84,1658.1899999999996
PROD000181,Mother Dairy Natural Curd 181,Dairy,Mother Dairy,314.0,478487.54000000004,105,1673.669999999999
PROD000540,Britannia Classic Bread 540,Bakery,Britannia,167.0,206880.98,54,1394.6899999999998
PROD000826,Dove Organic Shampoo 826,Personal Care,Dove,1115.0,613283.9500000001,366,612.0199999999988
PROD000917,Britannia Value Bread 917,Bakery,Britannia,530.0,380891.32000000007,184,803.98
PROD000050,Amul Premium Cheese 50,Dairy,Amul,655.0,323925.68999999994,222,544.8600000000004
PROD000710,Real Natural Juice 710,Beverages,Real,334.0,217118.31999999998,112,725.4599999999995
PROD000390,Monginis Family Cakes 390,Bakery,Monginis,636.0,999924.1000000001,221,1743.2700000000002
PROD000941,Mother Dairy Classic Curd 941,Dairy,Mother Dairy,474.0,278514.96,160,647.1800000000002
PROD000403,Mother Dairy Classic Curd 403,Dairy,Mother Dairy,467.0,829063.29,156,1968.7300000000007
PROD000149,Fresho Premium Fresh Fruits 149,Fruits,Fresho,613.0,574800.24,203,1045.9100000000014
PROD000134,Dove Natural Shampoo 134,Personal Care,Dove,493.0,111132.45000000001,164,249.8400000000001
PROD000532,Red Bull Daily Energy Drinks 532,Beverages,Red Bull,681.0,1210157.2599999998,234,1968.960000000002
PROD000327,Dove Family Shampoo 327,Personal Care,Dove,357.0,497029.7100000001,122,1550.8899999999996
PROD000368,Aashirvaad Family Atta 368,Grocery,Aashirvaad,660.0,1148379.78,214,1924.4299999999976
PROD000413,Monginis Organic Cakes 413,Bakery,Monginis,586.0,866170.3600000001,194,1637.1200000000001
PROD000883,Aashirvaad Family Atta 883,Grocery,Aashirvaad,521.0,24488.340000000004,167,52.64000000000003
PROD000884,Real Family Juice 884,Beverages,Real,624.0,635211.11,203,1130.5899999999983
PROD000220,Dove Special Shampoo 220,Personal Care,Dove,148.0,226441.94,47,1703.4900000000002
PROD000325,Haldiram Daily Namkeen 325,Snacks,Haldiram,295.0,428876.59,101,1617.1799999999998
PROD000213,Mother Dairy Organic Curd 213,Dairy,Mother Dairy,687.0,772277.0900000001,225,1254.419999999999
PROD000398,Dove Classic Shampoo 398,Personal Care,Dove,172.0,112630.35999999999,60,731.3700000000002
PROD000714,Surf Excel Family Laundry 714,Household,Surf Excel,358.0,507093.76000000007,120,1570.6299999999994
PROD000790,Real Family Juice 790,Beverages,Real,546.0,58735.42,173,119.93999999999996
PROD000169,Dove Natural Shampoo 169,Personal Care,Dove,693.0,73981.74999999999,240,119.02999999999997
PROD000620,Haldiram Original Namkeen 620,Snacks,Haldiram,701.0,1236025.1699999997,230,1965.8899999999999
PROD000233,Haldiram Value Namkeen 233,Snacks,Haldiram,316.0,214613.09,105,763.9900000000002
PROD000197,Lays Premium Chips 197,Snacks,Lays,169.0,250701.87000000002,54,1624.4500000000003
PROD000490,Real Special Juice 490,Beverages,Real,528.0,434792.55000000005,176,912.6299999999997
PROD000715,Harpic Classic Cleaning 715,Household,Harpic,454.0,390488.43999999994,166,956.9000000000009
PROD000676,Monginis Family Cakes 676,Bakery,Monginis,339.0,22995.73,112,76.31999999999998
PROD000525,Britannia Daily Bread 525,Bakery,Britannia,560.0,38183.780000000006,174,75.65999999999997
PROD000408,Amul Original Cheese 408,Dairy,Amul,460.0,604552.83,164,1461.900000000001
PROD000534,Fresho Fresh Fresh Fruits 534,Fruits,Fresho,705.0,122621.55000000002,234,192.43000000000018
PROD000469,Harpic Value Cleaning 469,Household,Harpic,165.0,251830.62000000002,55,1698.72
PROD000002,Lux Special Soap 2,Personal Care,Lux,459.0,495545.12,161,1205.6399999999994
PROD000118,Lays Organic Chips 118,Snacks,Lays,664.0,1081183.8,228,1806.7899999999981
PROD000237,Britannia Special Bread 237,Bakery,Britannia,637.0,142176.93,216,247.78000000000017
PROD000551,Harpic Family Cleaning 551,Household,Harpic,336.0,55417.0,108,183.06000000000006
PROD000481,Fresho Daily Fresh Fruits 481,Fruits,Fresho,183.0,6080.13,60,37.52999999999999
PROD000126,Mother Dairy Family Curd 126,Dairy,Mother Dairy,201.0,214056.5,67,1194.0999999999997
PROD000097,Amul Daily Cheese 97,Dairy,Amul,833.0,1472535.1400000001,283,1967.75
PROD000301,Amul Special Milk 301,Dairy,Amul,647.0,245000.28000000003,210,419.37000000000006
PROD000723,Real Organic Juice 723,Beverages,Real,485.0,402846.51,161,922.9599999999992
PROD000910,Red Bull Value Energy Drinks 910,Beverages,Red Bull,214.0,319242.14,70,1688.2799999999997
PROD000315,Britannia Value Bread 315,Bakery,Britannia,1350.0,1970500.1400000001,452,1615.3200000000045
PROD000854,Surf Excel Family Laundry 854,Household,Surf Excel,560.0,281951.65,194,559.9300000000002
PROD000416,Coca-cola Fresh Soft Drinks 416,Beverages,Coca-cola,431.0,225344.91,149,577.66
PROD000882,Amul Organic Milk 882,Dairy,Amul,794.0,1256774.8800000001,257,1760.6600000000026
PROD000458,Aashirvaad Special Atta 458,Grocery,Aashirvaad,1087.0,1395383.0499999998,364,1421.3200000000031
PROD000102,Coca-cola Natural Soft Drinks 102,Beverages,Coca-cola,402.0,282068.01,137,779.8400000000001
PROD000592,Fresho Organic Fresh Fruits 592,Fruits,Fresho,336.0,575564.07,113,1901.5699999999997
PROD000305,Red Bull Premium Energy Drinks 305,Beverages,Red Bull,180.0,163204.51,55,1003.5699999999998
PROD000103,Britannia Natural Bread 103,Bakery,Britannia,475.0,791397.36,153,1864.25
PROD000762,Lux Special Soap 762,Personal Care,Lux,504.0,182299.33,171,402.9300000000002
PROD000427,Harpic Value Cleaning 427,Household,Harpic,377.0,445089.14999999997,130,1315.57
PROD000335,Lux Premium Soap 335,Personal Care,Lux,618.0,325067.3,212,588.6199999999999
PROD000025,Parle Premium Biscuits 25,Snacks,Parle,808.0,23405.699999999997,279,32.10999999999997
PROD000371,Real Natural Juice 371,Beverages,Real,184.0,137489.1,67,826.1299999999997
PROD000392,Real Special Juice 392,Beverages,Real,777.0,1075075.6600000001,248,1541.6900000000014
PROD000535,Fresho Family Fresh Vegetables 535,Vegetables,Fresho,323.0,562117.13,102,1910.0899999999988
PROD000210,Lux Original Soap 210,Personal Care,Lux,833.0,157270.74,280,208.82999999999996
PROD000283,Amul Fresh Milk 283,Dairy,Amul,298.0,387080.97000000003,99,1451.1100000000001
PROD000321,Coca-cola Daily Soft Drinks 321,Beverages,Coca-cola,1001.0,77066.47,333,86.02000000000018
PROD000131,India Gate Classic Rice 131,Grocery,India Gate,711.0,755088.3500000001,240,1174.8700000000003
PROD000104,India Gate Natural Rice 104,Grocery,India Gate,877.0,527574.9500000001,279,666.0
PROD000924,Lux Natural Soap 924,Personal Care,Lux,1057.0,1056134.8299999998,345,1108.02
PROD000781,Fresho Natural Fresh Vegetables 781,Vegetables,Fresho,234.0,230723.46000000002,76,1100.2700000000002
PROD000863,Fortune Premium Cooking Oil 863,Grocery,Fortune,1143.0,224972.5,397,219.5600000000002
PROD000472,Parle Organic Biscuits 472,Snacks,Parle,592.0,575188.01,195,1078.2099999999991
PROD000993,Aashirvaad Value Atta 993,Grocery,Aashirvaad,472.0,615425.75,159,1454.57
PROD000660,Lays Value Chips 660,Snacks,Lays,563.0,600083.81,191,1184.68
PROD000841,Amul Organic Cheese 841,Dairy,Amul,340.0,210709.82,114,681.4599999999995
PROD000925,Real Premium Juice 925,Beverages,Real,1062.0,1504939.98,346,1575.5599999999984
PROD000029,Amul Family Cheese 29,Dairy,Amul,579.0,511351.39,191,973.8499999999991
PROD000690,Fresho Premium Fresh Fruits 690,Fruits,Fresho,176.0,50467.2,60,316.69999999999993
PROD000817,Fresho Organic Fresh Vegetables 817,Vegetables,Fresho,378.0,29676.15,124,87.07000000000001
PROD000634,Fresho Value Fresh Fruits 634,Fruits,Fresho,545.0,959574.0600000002,178,1950.0199999999998
PROD000830,Britannia Classic Bread 830,Bakery,Britannia,493.0,636423.6799999999,163,1425.0599999999995
PROD000329,Haldiram Natural Namkeen 329,Snacks,Haldiram,729.0,649217.2,254,991.3399999999983
PROD000769,Amul Family Cheese 769,Dairy,Amul,336.0,551370.05,121,1814.25
PROD000683,Aashirvaad Fresh Atta 683,Grocery,Aashirvaad,216.0,254969.87999999998,67,1304.2700000000002
PROD000299,Monginis Value Cakes 299,Bakery,Monginis,337.0,552815.79,115,1812.230000000001
PROD000728,Haldiram Premium Namkeen 728,Snacks,Haldiram,340.0,269466.33,112,880.7599999999996
PROD000224,Dove Original Shampoo 224,Personal Care,Dove,258.0,446169.12,86,1910.0400000000006
PROD000527,Fresho Special Fresh Vegetables 527,Vegetables,Fresho,337.0,363604.20999999996,111,1191.1199999999994
PROD000444,Aashirvaad Classic Atta 444,Grocery,Aashirvaad,1124.0,569865.78,374,561.599999999999
PROD000591,Amul Premium Milk 591,Dairy,Amul,538.0,33198.95,173,68.80000000000003
PROD000614,Surf Excel Fresh Laundry 614,Household,Surf Excel,364.0,558785.85,111,1713.8399999999988
PROD000974,Coca-cola Special Soft Drinks 974,Beverages,Coca-cola,317.0,287020.83999999997,112,1014.8800000000002
PROD000643,India Gate Premium Rice 643,Grocery,India Gate,156.0,104803.73000000001,50,748.49
PROD000462,Lays Value Chips 462,Snacks,Lays,630.0,1115754.7200000002,213,1970.8600000000001
PROD000880,Britannia Family Bread 880,Bakery,Britannia,676.0,989052.7099999998,218,1627.3099999999988
PROD000287,Fresho Fresh Fresh Vegetables 287,Vegetables,Fresho,186.0,277554.7,62,1657.3300000000004
PROD000422,India Gate Classic Rice 422,Grocery,India Gate,134.0,85909.23999999999,54,705.83
PROD000986,Surf Excel Original Laundry 986,Household,Surf Excel,535.0,925055.3599999999,190,1901.98
PROD000261,Aashirvaad Original Atta 261,Grocery,Aashirvaad,237.0,414497.54,77,1936.4000000000005
PROD000870,Real Family Juice 870,Beverages,Real,182.0,178869.26,58,1106.7900000000004
PROD000306,Surf Excel Family Laundry 306,Household,Surf Excel,1030.0,1539674.18,348,1653.5800000000002
PROD000289,Haldiram Daily Namkeen 289,Snacks,Haldiram,690.0,925929.1799999999,242,1496.179999999998
PROD001000,Monginis Special Cakes 1000,Bakery,Monginis,544.0,982377.7200000002,173,1997.3899999999999
PROD000930,Amul Organic Milk 930,Dairy,Amul,534.0,611517.25,171,1279.93
PROD000799,Monginis Organic Cakes 799,Bakery,Monginis,536.0,422887.23000000004,179,878.1500000000007
PROD000328,Parle Daily Biscuits 328,Snacks,Parle,363.0,169994.29,115,519.3600000000002
PROD000942,Fresho Fresh Fresh Vegetables 942,Vegetables,Fresho,769.0,409173.11,262,590.7599999999998
PROD000314,Mother Dairy Daily Curd 314,Dairy,Mother Dairy,310.0,474046.62000000005,109,1690.3300000000008
PROD000581,Amul Natural Milk 581,Dairy,Amul,267.0,80489.84,94,334.81999999999994
PROD000307,Red Bull Family Energy Drinks 307,Beverages,Red Bull,913.0,938259.8599999999,304,1141.2200000000007
PROD000429,Lux Organic Soap 429,Personal Care,Lux,396.0,691271.2900000002,122,1932.940000000001
PROD000903,Mother Dairy Natural Curd 903,Dairy,Mother Dairy,809.0,110372.23,270,152.10000000000022
PROD000814,Harpic Premium Cleaning 814,Household,Harpic,596.0,520597.7899999999,194,972.3899999999995
PROD000151,Monginis Family Cakes 151,Bakery,Monginis,356.0,244495.73,121,766.1899999999999
PROD000780,Real Family Juice 780,Beverages,Real,213.0,136799.39,65,715.89
PROD000529,Fresho Natural Fresh Fruits 529,Fruits,Fresho,530.0,78841.09999999998,185,164.55000000000013
PROD000589,Aashirvaad Daily Atta 589,Grocery,Aashirvaad,145.0,34773.17,50,267.7600000000001
PROD000417,Amul Special Milk 417,Dairy,Amul,1072.0,181987.11000000004,346,188.39999999999986
PROD000938,Amul Organic Cheese 938,Dairy,Amul,583.0,307390.80999999994,194,586.1699999999993
PROD000133,Fresho Family Fresh Fruits 133,Fruits,Fresho,602.0,886198.05,187,1633.01
PROD000471,Coca-cola Family Soft Drinks 471,Beverages,Coca-cola,590.0,19253.269999999997,204,36.35999999999997
PROD000815,Aashirvaad Original Atta 815,Grocery,Aashirvaad,379.0,236901.52000000002,124,689.3100000000001
PROD000282,Surf Excel Natural Laundry 282,Household,Surf Excel,332.0,314627.5,108,1054.6199999999994
PROD000680,Surf Excel Family Laundry 680,Household,Surf Excel,1009.0,646642.96,335,713.7600000000003
PROD000311,Lux Classic Soap 311,Personal Care,Lux,892.0,921163.8799999999,299,1147.6799999999985
PROD000697,Dove Family Shampoo 697,Personal Care,Dove,204.0,83944.43000000001,65,453.85999999999984
