feature,importance
demand_std_14_days,0.15398109590616557
daily_discount,0.15038475593720727
average_unit_price,0.11805928250789473
day_of_month,0.08084654031135649
sales_last_14_days,0.06970842580439042
week_of_year,0.06012617379183643
day_of_week,0.05842378078390089
average_daily_sales,0.0408167774739476
sales_last_7_days,0.04049173919289839
sales_14_days_ago,0.04027992063851449
nonzero_days_last_14,0.03864383704284392
previous_day_sales,0.03813268320919937
sales_7_days_ago,0.037352370353306914
nonzero_days_last_7,0.030129549296620668
month,0.02461737244283301
daily_orders,0.009361857259561976
is_weekend,0.008643838047521918
