store_id,store_name,city,total_orders,unique_customers,items_sold,total_revenue,average_order_value
STORE020,Chennai West,Chennai,2799,2454,24752.0,21999561.319999997,7859.793254733832
STORE010,Mumbai South,Mumbai,2872,2510,25113.0,25001860.889999997,8705.383318245124
STORE009,Hyderabad Tech Park,Hyderabad,2702,2386,23870.0,22212339.909999993,8220.703149518873
STORE008,Delhi Main,Delhi,2724,2385,23410.0,20852088.860000003,7654.95185756241
STORE007,Delhi East,Delhi,2743,2389,23512.0,20860694.769999996,7605.065537732408
STORE012,Pune Central,Pune,2774,2398,24920.0,22922851.21,8263.464747656813
STORE003,Chennai Market,Chennai,2768,2429,24557.0,23777354.270000007,8590.084635115609
STORE019,Mumbai Main,Mumbai,2852,2501,25548.0,22296247.37000001,7817.758544880789
STORE001,Pune North,Pune,2775,2424,24704.0,24137738.380000003,8698.284100900903
STORE006,Pune North,Pune,2741,2397,24398.0,24398997.810000002,8901.495005472456
STORE016,Bengaluru West,Bengaluru,2728,2381,24038.0,21594655.560000002,7915.929457478007
STORE018,Pune Market,Pune,2769,2402,24858.0,23796047.000000004,8593.733116648611
STORE005,Mumbai Main,Mumbai,2776,2425,24104.0,23094524.349999994,8319.35315201729
STORE002,Chennai Central,Chennai,2820,2453,25161.0,22633332.45,8026.004414893617
STORE015,Pune West,Pune,2794,2433,24920.0,23022379.89,8239.93553686471
STORE011,Mumbai East,Mumbai,2796,2429,24962.0,23211047.459999997,8301.519120171673
STORE013,Chennai West,Chennai,2798,2476,25222.0,23060779.869999997,8241.879867762687
STORE017,Bengaluru Main,Bengaluru,2740,2389,23654.0,22194888.349999998,8100.324215328466
STORE014,Mumbai South,Mumbai,2796,2416,24445.0,24457216.700000007,8747.216273247499
STORE004,Kolkata West,Kolkata,2869,2491,25181.0,24553506.460000005,8558.210686650402
